p_useful,p_noise,p_total,rho_A0,rho_A,rho_HN,rho_EBT,tau2,w_mean,var_HN,var_A0,seed,n_builds
0,0,0,0.4186664666616666,0.3594524863121578,0.4186664666616666,0.4186664666616666,,1.0,0.035061882672339666,0.035061882672339666,0,200
0,2,2,0.4186664666616666,0.3594524863121578,0.37506637665941656,0.37506637665941656,0.01319654060096739,0.38497849923124944,0.00586362390392579,0.035061882672339666,0,200
0,6,6,0.4186664666616666,0.3594524863121578,0.40429310732768325,0.40429310732768325,0.012871142861978224,0.3790843172973969,0.0059878856519805556,0.035061882672339666,0,200
0,12,12,0.4186664666616666,0.3594524863121578,0.4161494037350934,0.4161494037350934,0.012777256377308945,0.3773626192927874,0.006024182665896336,0.035061882672339666,0,200
1,0,1,0.4186664666616666,0.3594524863121578,0.5457781444536114,0.5457781444536114,0.008825429331906737,0.29509052645680256,0.007758651365141431,0.035061882672339666,0,200
1,2,3,0.4186664666616666,0.3594524863121578,0.4943148578714469,0.4943148578714469,0.012069249412232277,0.3640650740648742,0.006304522878228012,0.035061882672339666,0,200
1,6,7,0.4186664666616666,0.3594524863121578,0.5508317707942699,0.5508317707942699,0.010932299929487788,0.34148067989198283,0.006780649392505282,0.035061882672339666,0,200
1,12,13,0.4186664666616666,0.3594524863121578,0.5765079126978174,0.5765079126978174,0.008690883542836338,0.29190500112844736,0.007825808936831005,0.035061882672339666,0,200
2,0,2,0.4186664666616666,0.3594524863121578,0.6305287632190806,0.6305287632190806,0.007236483979763654,0.25553831822865986,0.008592495075602296,0.035061882672339666,0,200
2,2,4,0.4186664666616666,0.3594524863121578,0.6261066526663168,0.6261066526663168,0.008845075280149137,0.2955532702245365,0.007748895753569657,0.035061882672339666,0,200
2,6,8,0.4186664666616666,0.3594524863121578,0.5866466661666542,0.5866466661666542,0.009351678415748868,0.3072795464442354,0.007501681195623289,0.035061882672339666,0,200
2,12,14,0.4186664666616666,0.3594524863121578,0.6002775069376735,0.6002775069376735,0.006313897366456923,0.23046785599003664,0.009121033131820064,0.035061882672339666,0,200
4,0,4,0.4186664666616666,0.3594524863121578,0.6481392034800871,0.6481392034800871,0.006204554048460362,0.22738418036318986,0.0091860434976564,0.035061882672339666,0,200
4,2,6,0.4186664666616666,0.3594524863121578,0.6687272181804547,0.6687272181804547,0.009029148211038143,0.29985961987363596,0.007658108848594973,0.035061882672339666,0,200
4,6,10,0.4186664666616666,0.3594524863121578,0.645067126678167,0.645067126678167,0.00650948405536117,0.2359227885437107,0.009006031684248949,0.035061882672339666,0,200
4,12,16,0.4186664666616666,0.3594524863121578,0.7055921398034951,0.7055921398034951,0.005701228246092326,0.2128647958955874,0.00949214265015477,0.035061882672339666,0,200
8,0,8,0.4186664666616666,0.3594524863121578,0.6801500037500938,0.6801500037500938,0.004342248033073436,0.17079091230496643,0.010379148579238133,0.035061882672339666,0,200
8,2,10,0.4186664666616666,0.3594524863121578,0.7033525838145954,0.7033525838145954,0.005712819187881822,0.21320529468173974,0.00948496421982253,0.035061882672339666,0,200
8,6,14,0.4186664666616666,0.3594524863121578,0.680073501837546,0.680073501837546,0.005158648568050244,0.19658921127208298,0.009835266194461123,0.035061882672339666,0,200
8,12,20,0.4186664666616666,0.3594524863121578,0.6548803720093005,0.6548803720093005,0.00583861628925245,0.2168818864490625,0.00940745393510135,0.035061882672339666,0,200
13,0,13,0.4186664666616666,0.3594524863121578,0.6962109052726321,0.6962109052726321,0.006629607676513147,0.23923488009946012,0.008936205830372437,0.035061882672339666,0,200
13,2,15,0.4186664666616666,0.3594524863121578,0.7364449111227781,0.7364449111227781,0.004764213014922691,0.18432851678800738,0.01009374741306862,0.035061882672339666,0,200
13,6,19,0.4186664666616666,0.3594524863121578,0.703438085952149,0.703438085952149,0.004190206736203961,0.16580228924024223,0.01048431924233705,0.035061882672339666,0,200
13,12,25,0.4186664666616666,0.3594524863121578,0.6845451136278408,0.6845451136278408,0.0036403634774139874,0.14724920529592506,0.010875457260912018,0.035061882672339666,0,200
20,0,20,0.4186664666616666,0.3594524863121578,0.7079606990174756,0.7079606990174756,0.0043591969207094315,0.1713433279417172,0.0103675024961267,0.035061882672339666,0,200
20,2,22,0.4186664666616666,0.3594524863121578,0.753854346358659,0.753854346358659,0.004549718918147802,0.1775027545929593,0.010237648831735651,0.035061882672339666,0,200
20,6,26,0.4186664666616666,0.3594524863121578,0.6503112577814446,0.6503112577814446,0.0017530941336169833,0.0767715801577823,0.013173965978833212,0.035061882672339666,0,200
20,12,32,0.4186664666616666,0.3594524863121578,0.6777724443111078,0.6777724443111078,0.002699558183064752,0.11351428362738086,0.011586660339484784,0.035061882672339666,0,200
0,0,0,0.36929573239330993,0.2646411160279007,0.36929573239330993,0.36929573239330993,,1.0,0.03520132629038869,0.03520132629038869,1,200
0,2,2,0.36929573239330993,0.2646411160279007,0.3692312307807696,0.3692312307807696,0.015252920672793362,0.43366464185644804,0.0066438221230220714,0.03520132629038869,1,200
0,6,6,0.36929573239330993,0.2646411160279007,0.3647806195154879,0.3647806195154879,0.0136242584683663,0.406166940412879,0.00719155532410799,0.03520132629038869,1,200
0,12,12,0.36929573239330993,0.2646411160279007,0.33901447536188406,0.33901447536188406,0.012554522702762565,0.38660516221251645,0.007581210998223369,0.03520132629038869,1,200
1,0,1,0.36929573239330993,0.2646411160279007,0.4633825845646142,0.4633825845646142,0.013008457982410581,0.3950613133911577,0.007412770928297928,0.03520132629038869,1,200
1,2,3,0.36929573239330993,0.2646411160279007,0.5395724893122329,0.5395724893122329,0.012070568803829836,0.3773254924455686,0.007766054929157071,0.03520132629038869,1,200
1,6,7,0.36929573239330993,0.2646411160279007,0.5257316432910824,0.5257316432910824,0.0110398998861342,0.35659586789399855,0.00817897321020837,0.03520132629038869,1,200
1,12,13,0.36929573239330993,0.2646411160279007,0.4934403360084003,0.4934403360084003,0.011807263567935208,0.3721577789891883,0.007868991832431204,0.03520132629038869,1,200
2,0,2,0.36929573239330993,0.2646411160279007,0.5660721518037952,0.5660721518037952,0.010197375322354249,0.33859637312424323,0.008537509392165259,0.03520132629038869,1,200
2,2,4,0.36929573239330993,0.2646411160279007,0.5249816245406136,0.5249816245406136,0.009607981742683402,0.3253940776593032,0.00880048902962818,0.03520132629038869,1,200
2,6,8,0.36929573239330993,0.2646411160279007,0.5513537838445962,0.5513537838445962,0.008646945946522894,0.30269869457616316,0.009252563718543933,0.03520132629038869,1,200
2,12,14,0.36929573239330993,0.2646411160279007,0.5617985449636241,0.5617985449636241,0.01015473748462737,0.3376586579717726,0.008556187961471255,0.03520132629038869,1,200
4,0,4,0.36929573239330993,0.2646411160279007,0.6665416635415886,0.6665416635415886,0.007732991230695322,0.2796516606428911,0.009711643023689232,0.03520132629038869,1,200
4,2,6,0.36929573239330993,0.2646411160279007,0.6539488487212181,0.6539488487212181,0.00852544834314534,0.29972026680420766,0.00931189172387137,0.03520132629038869,1,200
4,6,10,0.36929573239330993,0.2646411160279007,0.5938648466211657,0.5938648466211657,0.007431811295672396,0.2717194427397,0.009869646743118004,0.03520132629038869,1,200
4,12,16,0.36929573239330993,0.2646411160279007,0.5912307807695193,0.5912307807695193,0.006077264708117099,0.23377241442908583,0.010625522550807816,0.03520132629038869,1,200
8,0,8,0.36929573239330993,0.2646411160279007,0.6898132453311333,0.6898132453311333,0.006784342422981676,0.25406117289500335,0.010221385985306069,0.03520132629038869,1,200
8,2,10,0.36929573239330993,0.2646411160279007,0.6870441761044027,0.6870441761044027,0.007092902989735597,0.2625820570946735,0.010051656483065838,0.03520132629038869,1,200
8,6,14,0.36929573239330993,0.2646411160279007,0.6785344633615841,0.6785344633615841,0.006279125199351476,0.23967625995512176,0.010507922459202734,0.03520132629038869,1,200
8,12,20,0.36929573239330993,0.2646411160279007,0.6427420685517139,0.6427420685517139,0.008058685815150044,0.2880373283005701,0.009544606931643176,0.03520132629038869,1,200
13,0,13,0.36929573239330993,0.2646411160279007,0.7278226955673894,0.7278226955673894,0.005902031097215179,0.22857248265445126,0.010729101218362765,0.03520132629038869,1,200
13,2,15,0.36929573239330993,0.2646411160279007,0.7357533938348458,0.7357533938348458,0.004048728886504212,0.16892251497876878,0.011917282994454968,0.03520132629038869,1,200
13,6,19,0.36929573239330993,0.2646411160279007,0.6301027525688143,0.6301027525688143,0.007381994698099047,0.27039054808259466,0.009896117309246458,0.03520132629038869,1,200
13,12,25,0.36929573239330993,0.2646411160279007,0.6948488712217806,0.6948488712217806,0.0038691536202857466,0.16264882584786336,0.012042250088062433,0.03520132629038869,1,200
20,0,20,0.36929573239330993,0.2646411160279007,0.6810080252006301,0.6810080252006301,0.00568561082755753,0.2220521330791523,0.010858981599543247,0.03520132629038869,1,200
20,2,22,0.36929573239330993,0.2646411160279007,0.711265281632041,0.711265281632041,0.004245247694753339,0.1756812920262844,0.011782653320216234,0.03520132629038869,1,200
20,6,26,0.36929573239330993,0.2646411160279007,0.6412585314632867,0.6412585314632867,0.004059104983855609,0.1692821454028148,0.011910119431210406,0.03520132629038869,1,200
20,12,32,0.36929573239330993,0.2646411160279007,0.6715112877821946,0.6715112877821946,0.004411369981937013,0.18130949996897988,0.011670543718649845,0.03520132629038869,1,200
0,0,0,0.24944723618090459,0.24119552988824727,0.24944723618090459,0.24944723618090459,,1.0,0.027863465331614358,0.027863465331614358,2,200
0,2,2,0.24944723618090459,0.24119552988824727,0.25588239705992655,0.25588239705992655,0.007560899061993979,0.2717880711395671,0.002099329225113333,0.027863465331614358,2,200
0,6,6,0.24944723618090459,0.24119552988824727,0.20264306607665192,0.20264306607665192,0.006702229639356468,0.2485950677992998,0.002569177707212841,0.027863465331614358,2,200
0,12,12,0.24944723618090459,0.24119552988824727,0.27605940148503716,0.27605940148503716,0.006771256097635445,0.25051396777712365,0.002530304249185257,0.027863465331614358,2,200
1,0,1,0.24944723618090459,0.24119552988824727,0.3549883747093678,0.3549883747093678,0.006799600082983026,0.25129908044945515,0.002514399280261652,0.027863465331614358,2,200
1,2,3,0.24944723618090459,0.24119552988824727,0.5275121878046952,0.5275121878046952,0.004598685282802092,0.18500650324476303,0.0038573675158592867,0.027863465331614358,2,200
1,6,7,0.24944723618090459,0.24119552988824727,0.46941873546838675,0.46941873546838675,0.004230794001720311,0.1727630843781302,0.004105397134352391,0.027863465331614358,2,200
1,12,13,0.24944723618090459,0.24119552988824727,0.43930398259956505,0.43930398259956505,0.003441356543099461,0.145207639248012,0.004663620831301718,0.027863465331614358,2,200
2,0,2,0.24944723618090459,0.24119552988824727,0.5581579539488488,0.5581579539488488,0.0044632931043925225,0.18054302897377766,0.003947789466839286,0.027863465331614358,2,200
2,2,4,0.24944723618090459,0.24119552988824727,0.5450581264531613,0.5450581264531613,0.003089297379731709,0.1323181424174969,0.004924738825896625,0.027863465331614358,2,200
2,6,8,0.24944723618090459,0.24119552988824727,0.5038250956273908,0.5038250956273908,0.00398308441344019,0.1643099628806994,0.004276642153649866,0.027863465331614358,2,200
2,12,14,0.24944723618090459,0.24119552988824727,0.5477176929423236,0.5477176929423236,0.0023264893702092462,0.10301179762837961,0.005518432596946341,0.027863465331614358,2,200
4,0,4,0.24944723618090459,0.24119552988824727,0.6829235730893274,0.6829235730893274,0.004191026572307351,0.17141755769627312,0.004132655081924768,0.027863465331614358,2,200
4,2,6,0.24944723618090459,0.24119552988824727,0.5051646291157279,0.5051646291157279,0.001912216608552758,0.0862508228816903,0.005857979762429959,0.027863465331614358,2,200
4,6,10,0.24944723618090459,0.24119552988824727,0.5041281032025801,0.5041281032025801,0.001393173266580718,0.06434572531879537,0.006655028538680654,0.027863465331614358,2,200
4,12,16,0.24944723618090459,0.24119552988824727,0.6038280957023927,0.6038280957023927,0.0020975663635490263,0.09382663975538971,0.0057045073549737,0.027863465331614358,2,200
8,0,8,0.24944723618090459,0.24119552988824727,0.7172369309232731,0.7172369309232731,0.002190225908624173,0.09756701846128644,0.005628734018003958,0.027863465331614358,2,200
8,2,10,0.24944723618090459,0.24119552988824727,0.5773944348608716,0.5773944348608716,0.0024831197339781792,0.10918978531409575,0.0053932776916511115,0.027863465331614358,2,200
8,6,14,0.24944723618090459,0.24119552988824727,0.5347738693467338,0.5347738693467338,0.001393173266580718,0.06434572531879537,0.0066829049199952665,0.027863465331614358,2,200
8,12,20,0.24944723618090459,0.24119552988824727,0.616569414235356,0.616569414235356,0.001393173266580718,0.06434572531879537,0.007274451236624151,0.027863465331614358,2,200
13,0,13,0.24944723618090459,0.24119552988824727,0.725644641116028,0.725644641116028,0.0015481065613419734,0.07099352715234274,0.0061670650988224105,0.027863465331614358,2,200
13,2,15,0.24944723618090459,0.24119552988824727,0.736737418435461,0.736737418435461,0.001393173266580718,0.06434572531879537,0.007117040045623944,0.027863465331614358,2,200
13,6,19,0.24944723618090459,0.24119552988824727,0.6078931973299334,0.6078931973299334,0.001393173266580718,0.06434572531879537,0.007888674888602563,0.027863465331614358,2,200
13,12,25,0.24944723618090459,0.24119552988824727,0.5827555688892223,0.5827555688892223,0.001393173266580718,0.06434572531879537,0.010790501490627092,0.027863465331614358,2,200
20,0,20,0.24944723618090459,0.24119552988824727,0.6687857196429912,0.6687857196429912,0.001393173266580718,0.06434572531879537,0.007685568244194022,0.027863465331614358,2,200
20,2,22,0.24944723618090459,0.24119552988824727,0.6250236255906398,0.6250236255906398,0.001393173266580718,0.06434572531879537,0.008110312504532974,0.027863465331614358,2,200
20,6,26,0.24944723618090459,0.24119552988824727,0.526724668116703,0.526724668116703,0.001393173266580718,0.06434572531879537,0.008192163614028967,0.027863465331614358,2,200
20,12,32,0.24944723618090459,0.24119552988824727,0.5968109202730069,0.5968109202730069,0.001393173266580718,0.06434572531879537,0.0089758340449821,0.027863465331614358,2,200
0,0,0,0.45243531088277217,0.4104012600315008,0.45243531088277217,0.45243531088277217,,1.0,0.037983650727766556,0.037983650727766556,3,200
0,2,2,0.45243531088277217,0.4104012600315008,0.445956648916223,0.445956648916223,0.016892741709997418,0.4473235241855714,0.007776135395439172,0.037983650727766556,3,200
0,6,6,0.45243531088277217,0.4104012600315008,0.45088577214430375,0.45088577214430375,0.016055902500803083,0.4347988436231991,0.008037541690436878,0.037983650727766556,3,200
0,12,12,0.45243531088277217,0.4104012600315008,0.43767794194854875,0.43767794194854875,0.01532797364303403,0.4234332482763233,0.008274756376693684,0.037983650727766556,3,200
1,0,1,0.45243531088277217,0.4104012600315008,0.561540538513463,0.561540538513463,0.011931282614276263,0.36373003917880153,0.009520839629031752,0.037983650727766556,3,200
1,2,3,0.45243531088277217,0.4104012600315008,0.5489402235055877,0.5489402235055877,0.014468817039041452,0.40941628249623646,0.008567308595765055,0.037983650727766556,3,200
1,6,7,0.45243531088277217,0.4104012600315008,0.5421720543013576,0.5421720543013576,0.011773437863561782,0.3606535283159701,0.009585050392904556,0.037983650727766556,3,200
1,12,13,0.45243531088277217,0.4104012600315008,0.6061666541663542,0.6061666541663542,0.010780203043109136,0.3405906172448937,0.010003789315932633,0.037983650727766556,3,200
2,0,2,0.45243531088277217,0.4104012600315008,0.6483132078301959,0.6483132078301959,0.009355105638263438,0.3095011524189676,0.010652666688344224,0.037983650727766556,3,200
2,2,4,0.45243531088277217,0.4104012600315008,0.636806420160504,0.636806420160504,0.007026088359934662,0.2518547501798965,0.01185582171926251,0.037983650727766556,3,200
2,6,8,0.45243531088277217,0.4104012600315008,0.6095822395559889,0.6095822395559889,0.00912499798822114,0.30420419554049216,0.010763221034658241,0.037983650727766556,3,200
2,12,14,0.45243531088277217,0.4104012600315008,0.6409495237380936,0.6409495237380936,0.008054635636332377,0.2784572745824754,0.011300592601279582,0.037983650727766556,3,200
4,0,4,0.45243531088277217,0.4104012600315008,0.7149208730218256,0.7149208730218256,0.006790293063166503,0.2454773457164935,0.011988926405180683,0.037983650727766556,3,200
4,2,6,0.45243531088277217,0.4104012600315008,0.6841641041026028,0.6841641041026028,0.006982257289906212,0.2506774494453894,0.011880393509462914,0.037983650727766556,3,200
4,6,10,0.45243531088277217,0.4104012600315008,0.6996744918622967,0.6996744918622967,0.007200555503730933,0.25650448881252974,0.011758775655483777,0.037983650727766556,3,200
4,12,16,0.45243531088277217,0.4104012600315008,0.6648706217655442,0.6648706217655442,0.006241573917509145,0.2302070680853246,0.012307636864842432,0.037983650727766556,3,200
8,0,8,0.45243531088277217,0.4104012600315008,0.7481212030300759,0.7481212030300759,0.008667775778872264,0.2934342798562901,0.010988003115320864,0.037983650727766556,3,200
8,2,10,0.45243531088277217,0.4104012600315008,0.7306562664066603,0.7306562664066603,0.0072122469900540095,0.2568140141493327,0.01175231546106216,0.037983650727766556,3,200
8,6,14,0.45243531088277217,0.4104012600315008,0.6509847746193655,0.6509847746193655,0.005291812081864491,0.2022623762259913,0.012890878754918757,0.037983650727766556,3,200
8,12,20,0.45243531088277217,0.4104012600315008,0.6992709817745445,0.6992709817745445,0.005096015299955316,0.19624733417948234,0.013016420468162714,0.037983650727766556,3,200
13,0,13,0.45243531088277217,0.4104012600315008,0.8020130503262582,0.8020130503262582,0.005256908756153207,0.20119671947291803,0.012913120390717223,0.037983650727766556,3,200
13,2,15,0.45243531088277217,0.4104012600315008,0.7141258531463288,0.7141258531463288,0.004391997946213103,0.17384899363026826,0.013483902827326215,0.037983650727766556,3,200
13,6,19,0.45243531088277217,0.4104012600315008,0.6763099077476937,0.6763099077476937,0.005213161861007072,0.19985702647581355,0.01294108151763491,0.037983650727766556,3,200
13,12,25,0.45243531088277217,0.4104012600315008,0.671671791794795,0.671671791794795,0.002268934084682428,0.09805149886137286,0.015065894653702293,0.037983650727766556,3,200
20,0,20,0.45243531088277217,0.4104012600315008,0.7435520888022201,0.7435520888022201,0.002515232201946851,0.10755048183124963,0.014867638583853952,0.037983650727766556,3,200
20,2,22,0.45243531088277217,0.4104012600315008,0.7259851496287408,0.7259851496287408,0.0042645494170338305,0.16966008588944517,0.0135713307539038,0.037983650727766556,3,200
20,6,26,0.45243531088277217,0.4104012600315008,0.7768949223730595,0.7768949223730595,0.003755033827041416,0.1524804589583227,0.013929891804873827,0.037983650727766556,3,200
20,12,32,0.45243531088277217,0.4104012600315008,0.7145683642091053,0.7145683642091053,0.002932058460831846,0.12317838082653737,0.0145414641034261,0.037983650727766556,3,200
0,0,0,0.38734718367959203,0.30771019275481887,0.38734718367959203,0.38734718367959203,,1.0,0.053493178058805955,0.053493178058805955,4,200
0,2,2,0.38734718367959203,0.30771019275481887,0.3905797644941124,0.3905797644941124,0.034254314836863434,0.6422917244853966,0.022163044180009583,0.053493178058805955,4,200
0,6,6,0.38734718367959203,0.30771019275481887,0.38425710642766076,0.38425710642766076,0.033931427344945184,0.6401128379373813,0.02220461097733204,0.053493178058805955,4,200
0,12,12,0.38734718367959203,0.30771019275481887,0.3837440936023401,0.3837440936023401,0.03286552190301867,0.6327276539886654,0.022345498737029724,0.053493178058805955,4,200
1,0,1,0.38734718367959203,0.30771019275481887,0.5629865746643666,0.5629865746643666,0.01794704743123451,0.48473921499288225,0.025168686321260417,0.053493178058805955,4,200
1,2,3,0.38734718367959203,0.30771019275481887,0.5123228080702019,0.5123228080702019,0.021496087897837284,0.5298104130757179,0.024308859380066133,0.053493178058805955,4,200
1,6,7,0.38734718367959203,0.30771019275481887,0.5153543838595965,0.5153543838595965,0.024419756589056606,0.5614145162507801,0.023705945312588697,0.053493178058805955,4,200
1,12,13,0.38734718367959203,0.30771019275481887,0.5026340658516464,0.5026340658516464,0.02260708969307842,0.542342303577312,0.02406978747748293,0.053493178058805955,4,200
2,0,2,0.38734718367959203,0.30771019275481887,0.5985239630990775,0.5985239630990775,0.012921428679301707,0.4038134403509187,0.02671251395917445,0.053493178058805955,4,200
2,2,4,0.38734718367959203,0.30771019275481887,0.565377634440861,0.565377634440861,0.017498655126687874,0.478422487319083,0.025289191052999264,0.053493178058805955,4,200
2,6,8,0.38734718367959203,0.30771019275481887,0.5657736443411086,0.5657736443411086,0.017037226748926274,0.4717583513031896,0.02541632332216408,0.053493178058805955,4,200
2,12,14,0.38734718367959203,0.30771019275481887,0.6081497037425936,0.6081497037425936,0.014698241051679963,0.4351769199580993,0.026114190287230096,0.053493178058805955,4,200
4,0,4,0.38734718367959203,0.30771019275481887,0.6649636240906023,0.6649636240906023,0.01156468660539988,0.37741576729024745,0.027216104532486653,0.053493178058805955,4,200
4,2,6,0.38734718367959203,0.30771019275481887,0.6517542938573465,0.6517542938573465,0.01278490016865996,0.4012587824941255,0.026761249376563767,0.053493178058805955,4,200
4,6,10,0.38734718367959203,0.30771019275481887,0.6143163579089478,0.6143163579089478,0.015007398307478794,0.4403000479012509,0.026016455955415553,0.053493178058805955,4,200
4,12,16,0.38734718367959203,0.30771019275481887,0.6619050476261907,0.6619050476261907,0.013299426013568007,0.410773947958809,0.026579727784849717,0.053493178058805955,4,200
8,0,8,0.38734718367959203,0.30771019275481887,0.6590144753618842,0.6590144753618842,0.010428078508505394,0.3534323600505899,0.02767363795878676,0.053493178058805955,4,200
8,2,10,0.38734718367959203,0.30771019275481887,0.680843021075527,0.680843021075527,0.008331640374652737,0.30397769965114974,0.028617088569993142,0.053493178058805955,4,200
8,6,14,0.38734718367959203,0.30771019275481887,0.7037080927023177,0.7037080927023177,0.00944757679279307,0.3312073551826438,0.028097626198871125,0.053493178058805955,4,200
8,12,20,0.38734718367959203,0.30771019275481887,0.693830345758644,0.693830345758644,0.007548266345253369,0.28349925230392703,0.02900775758905517,0.053493178058805955,4,200
13,0,13,0.38734718367959203,0.30771019275481887,0.686822170554264,0.686822170554264,0.01102281755961457,0.3662077855643225,0.02742992011880971,0.053493178058805955,4,200
13,2,15,0.38734718367959203,0.30771019275481887,0.7085997149928749,0.7085997149928749,0.007579531547682126,0.2843396269031149,0.028991725693924508,0.053493178058805955,4,200
13,6,19,0.38734718367959203,0.30771019275481887,0.6779089477236933,0.6779089477236933,0.009015471062250688,0.3209203181220706,0.02829387284830545,0.053493178058805955,4,200
13,12,25,0.38734718367959203,0.30771019275481887,0.6649381234530863,0.6649381234530863,0.008198192342793294,0.3005723147967201,0.02868205337606719,0.053493178058805955,4,200
20,0,20,0.38734718367959203,0.30771019275481887,0.6934643366084152,0.6934643366084152,0.007294794289514583,0.27661263887017024,0.029139134078161436,0.053493178058805955,4,200
20,2,22,0.38734718367959203,0.30771019275481887,0.7065671641791046,0.7065671641791046,0.00830466161516721,0.30329192088889334,0.0286301712276674,0.053493178058805955,4,200
20,6,26,0.38734718367959203,0.30771019275481887,0.661324533113328,0.661324533113328,0.00642756105296163,0.2520153307867748,0.029608378941190977,0.053493178058805955,4,200
20,12,32,0.38734718367959203,0.30771019275481887,0.6636300907522689,0.6636300907522689,0.0061293452071654216,0.2431659655423052,0.02977719900751533,0.053493178058805955,4,200
0,0,0,0.42494412360309014,0.3933863346583665,0.42494412360309014,0.42494412360309014,,1.0,0.033607068137099516,0.033607068137099516,5,200
0,2,2,0.42494412360309014,0.3933863346583665,0.4211565289132229,0.4211565289132229,0.012457391290190488,0.3734348704604126,0.00490015283455711,0.033607068137099516,5,200
0,6,6,0.42494412360309014,0.3933863346583665,0.3792394809870247,0.3792394809870247,0.01180437240150746,0.36092463208109743,0.00516163618647552,0.033607068137099516,5,200
0,12,12,0.42494412360309014,0.3933863346583665,0.38118352958823976,0.38118352958823976,0.010796027785931542,0.3405947430026802,0.005586562345288251,0.033607068137099516,5,200
1,0,1,0.42494412360309014,0.3933863346583665,0.6461606540163505,0.6461606540163505,0.00715890551893273,0.255124366885882,0.007373025541201471,0.033607068137099516,5,200
1,2,3,0.42494412360309014,0.3933863346583665,0.6042601065026627,0.6042601065026627,0.005544892711273855,0.20966498689742835,0.008323196968403668,0.033607068137099516,5,200
1,6,7,0.42494412360309014,0.3933863346583665,0.6783664591614792,0.6783664591614792,0.006494840570812725,0.2370692209788784,0.007750406045712516,0.033607068137099516,5,200
1,12,13,0.42494412360309014,0.3933863346583665,0.5687272181804546,0.5687272181804546,0.005414492659181085,0.20574875470353107,0.00840505228481747,0.033607068137099516,5,200
2,0,2,0.42494412360309014,0.3933863346583665,0.7198514962874072,0.7198514962874072,0.0063356847551613825,0.23261117378636492,0.00784358613449773,0.033607068137099516,5,200
2,2,4,0.42494412360309014,0.3933863346583665,0.7263466586664667,0.7263466586664667,0.0044284744279017504,0.1748310482322388,0.009051280220418623,0.033607068137099516,5,200
2,6,8,0.42494412360309014,0.3933863346583665,0.7234065851646292,0.7234065851646292,0.0034784350484295713,0.14267585816469566,0.009723373479195921,0.033607068137099516,5,200
2,12,14,0.42494412360309014,0.3933863346583665,0.5987729693242332,0.5987729693242332,0.005272536343104685,0.20144109763380713,0.00849508898718511,0.033607068137099516,5,200
4,0,4,0.42494412360309014,0.3933863346583665,0.7493572339308483,0.7493572339308483,0.0033857546066625895,0.13940430592775852,0.009791753986341543,0.033607068137099516,5,200
4,2,6,0.42494412360309014,0.3933863346583665,0.7138693467336683,0.7138693467336683,0.00265794266013291,0.11281833987540207,0.010347441840287925,0.033607068137099516,5,200
4,6,10,0.42494412360309014,0.3933863346583665,0.772414310357759,0.772414310357759,0.0021489112558501916,0.09322639530191278,0.01075694381637707,0.033607068137099516,5,200
4,12,16,0.42494412360309014,0.3933863346583665,0.73611190279757,0.73611190279757,0.002348129160823862,0.10099620363583942,0.010594542792086586,0.033607068137099516,5,200
8,0,8,0.42494412360309014,0.3933863346583665,0.8272046801170031,0.8272046801170031,0.0023369510904852377,0.10056376918751003,0.010603581341601453,0.033607068137099516,5,200
8,2,10,0.42494412360309014,0.3933863346583665,0.8207425185629641,0.8207425185629641,0.002328578411881943,0.10023959142587892,0.010610357158748855,0.033607068137099516,5,200
8,6,14,0.42494412360309014,0.3933863346583665,0.6833330833270833,0.6833330833270833,0.0016803534068549758,0.07441151004668688,0.012164093664629267,0.033607068137099516,5,200
8,12,20,0.42494412360309014,0.3933863346583665,0.734553363834096,0.734553363834096,0.0016803534068549758,0.07441151004668688,0.013007936293321774,0.033607068137099516,5,200
13,0,13,0.42494412360309014,0.3933863346583665,0.8101957548938724,0.8101957548938724,0.0022610791634346296,0.09761755938664943,0.010665161688100465,0.033607068137099516,5,200
13,2,15,0.42494412360309014,0.3933863346583665,0.7311632790819772,0.7311632790819772,0.0016803534068549758,0.07441151004668688,0.01229264921885665,0.033607068137099516,5,200
13,6,19,0.42494412360309014,0.3933863346583665,0.7745818645466138,0.7745818645466138,0.0016803534068549758,0.07441151004668688,0.012378684709818288,0.033607068137099516,5,200
13,12,25,0.42494412360309014,0.3933863346583665,0.7290332258306459,0.7290332258306459,0.0016803534068549758,0.07441151004668688,0.015097492477394607,0.033607068137099516,5,200
20,0,20,0.42494412360309014,0.3933863346583665,0.7447626190654768,0.7447626190654768,0.0016803534068549758,0.07441151004668688,0.014572558755652665,0.033607068137099516,5,200
20,2,22,0.42494412360309014,0.3933863346583665,0.7986349658741471,0.7986349658741471,0.0016803534068549758,0.07441151004668688,0.01288774339500912,0.033607068137099516,5,200
20,6,26,0.42494412360309014,0.3933863346583665,0.737020925523138,0.737020925523138,0.0016803534068549758,0.07441151004668688,0.013510724806700737,0.033607068137099516,5,200
20,12,32,0.42494412360309014,0.3933863346583665,0.6882457061426538,0.6882457061426538,0.0016803534068549758,0.07441151004668688,0.014770277115110144,0.033607068137099516,5,200
0,0,0,0.4416507021959214,0.40383994883664037,0.4416507021959214,0.4416507021959214,,1.0,0.03643425985477948,0.03643425985477948,0,368
0,2,2,0.4416507021959214,0.40383994883664037,0.43410189136839833,0.43410189136839833,0.01581872493163168,0.43723875257645256,0.007172130220447354,0.03643425985477948,0,368
0,6,6,0.4416507021959214,0.40383994883664037,0.4372921368119024,0.4372921368119024,0.015610672532751349,0.4339837691242359,0.00723840156719863,0.03643425985477948,0,368
0,12,12,0.4416507021959214,0.40383994883664037,0.44348023535915965,0.44348023535915965,0.015492017838938409,0.43211049800678536,0.007276541300197636,0.03643425985477948,0,368
1,0,1,0.4416507021959214,0.40383994883664037,0.5406080272152088,0.5406080272152088,0.014405002603384114,0.41435398630870857,0.007638063243737786,0.03643425985477948,0,368
1,2,3,0.4416507021959214,0.40383994883664037,0.5732733088496623,0.5732733088496623,0.012971041237143356,0.38915841403533596,0.008151044194712655,0.03643425985477948,0,368
1,6,7,0.4416507021959214,0.40383994883664037,0.5846747823004826,0.5846747823004826,0.010959622823978735,0.34992871377541196,0.008949759489902152,0.03643425985477948,0,368
1,12,13,0.4416507021959214,0.40383994883664037,0.5931898890722115,0.5931898890722115,0.00848414570069735,0.2941378920169724,0.010085658626893002,0.03643425985477948,0,368
2,0,2,0.4416507021959214,0.40383994883664037,0.6406111093453074,0.6406111093453074,0.010774414759453278,0.34606165592745347,0.009028492649474681,0.03643425985477948,0,368
2,2,4,0.4416507021959214,0.40383994883664037,0.6560222414213243,0.6560222414213243,0.00928394308070736,0.3131821650320205,0.009697917908964977,0.03643425985477948,0,368
2,6,8,0.4416507021959214,0.40383994883664037,0.6398073476055219,0.6398073476055219,0.010325022876285655,0.3364845105103438,0.009223482987871793,0.03643425985477948,0,368
2,12,14,0.4416507021959214,0.40383994883664037,0.6375554663022048,0.6375554663022048,0.009866087423391696,0.3264100626509529,0.009428598386219723,0.03643425985477948,0,368
4,0,4,0.4416507021959214,0.40383994883664037,0.6933352789279581,0.6933352789279581,0.008665155558070594,0.29853987210510796,0.009996034469629026,0.03643425985477948,0,368
4,2,6,0.4416507021959214,0.40383994883664037,0.7092638717525667,0.7092638717525667,0.009035426858527915,0.30737562981742306,0.009816138758403724,0.03643425985477948,0,368
4,6,10,0.4416507021959214,0.40383994883664037,0.702782007680283,0.702782007680283,0.009633699265474787,0.3211911495094036,0.009534855271253312,0.03643425985477948,0,368
4,12,16,0.4416507021959214,0.40383994883664037,0.6793575781392218,0.6793575781392218,0.007800006490504694,0.27698915456431605,0.010434806308518724,0.03643425985477948,0,368
8,0,8,0.4416507021959214,0.40383994883664037,0.7479147463551404,0.7479147463551404,0.00723467737521687,0.26217689184282816,0.010736383448125487,0.03643425985477948,0,368
8,2,10,0.4416507021959214,0.40383994883664037,0.7679647250210211,0.7679647250210211,0.0076241997056271,0.2724469351745342,0.010527285732951955,0.03643425985477948,0,368
8,6,14,0.4416507021959214,0.40383994883664037,0.7633795749164695,0.7633795749164695,0.00528610468859296,0.2061175418097248,0.011877749811191078,0.03643425985477948,0,368
8,12,20,0.4416507021959214,0.40383994883664037,0.7211974942282298,0.7211974942282298,0.00686499191669817,0.2521580520591051,0.010940366668040314,0.03643425985477948,0,368
13,0,13,0.4416507021959214,0.40383994883664037,0.7587915353149505,0.7587915353149505,0.005240928679844041,0.20471663595217246,0.01190627220438128,0.03643425985477948,0,368
13,2,15,0.4416507021959214,0.40383994883664037,0.7808058903358849,0.7808058903358849,0.004409831992940767,0.17803263087266116,0.012449557594091259,0.03643425985477948,0,368
13,6,19,0.4416507021959214,0.40383994883664037,0.7618178018055504,0.7618178018055504,0.00642278654424731,0.23981056282803087,0.011191761107475304,0.03643425985477948,0,368
13,12,25,0.4416507021959214,0.40383994883664037,0.7619059314630583,0.7619059314630583,0.005954736245409348,0.22628934136552334,0.011467052693192094,0.03643425985477948,0,368
20,0,20,0.4416507021959214,0.40383994883664037,0.8014446040088881,0.8014446040088881,0.005632042238112096,0.2166836268952078,0.011662624696491392,0.03643425985477948,0,368
20,2,22,0.4416507021959214,0.40383994883664037,0.7691060763231728,0.7691060763231728,0.005833714060047037,0.22271457979118556,0.011539834711080593,0.03643425985477948,0,368
20,6,26,0.4416507021959214,0.40383994883664037,0.7670841508201838,0.7670841508201838,0.005988790310678362,0.2272893124722653,0.011446693317198633,0.03643425985477948,0,368
20,12,32,0.4416507021959214,0.40383994883664037,0.7102280005740467,0.7102280005740467,0.004726993510107705,0.188424341986136,0.012237982727229453,0.03643425985477948,0,368
0,0,0,0.4999971105030326,0.37488141022862664,0.4999971105030326,0.4999971105030326,,1.0,0.038732822578235286,0.038732822578235286,1,368
0,2,2,0.4999971105030326,0.37488141022862664,0.5022899263467223,0.5022899263467223,0.018338836381422047,0.4740372417384775,0.008739625323708632,0.038732822578235286,1,368
0,6,6,0.4999971105030326,0.37488141022862664,0.47554522399862076,0.47554522399862076,0.01760394611390879,0.4638525610294592,0.008946859665440532,0.038732822578235286,1,368
0,12,12,0.4999971105030326,0.37488141022862664,0.48926214768604265,0.48926214768604265,0.017831772458811703,0.4670518892582,0.00888176084708677,0.038732822578235286,1,368
1,0,1,0.4999971105030326,0.37488141022862664,0.6180838686126465,0.6180838686126465,0.011502831377832288,0.3611509168432176,0.011036597010752904,0.038732822578235286,1,368
1,2,3,0.4999971105030326,0.37488141022862664,0.6015884527995855,0.6015884527995855,0.008642163082049275,0.2981103181141278,0.012319325193722738,0.038732822578235286,1,368
1,6,7,0.4999971105030326,0.37488141022862664,0.6453686661022516,0.6453686661022516,0.009330511443751213,0.3143897826048492,0.01198807631082992,0.038732822578235286,1,368
1,12,13,0.4999971105030326,0.37488141022862664,0.6420259996937134,0.6420259996937134,0.008033934272481932,0.283068540067274,0.012625390063214097,0.038732822578235286,1,368
2,0,2,0.4999971105030326,0.37488141022862664,0.6882468747682383,0.6882468747682383,0.00704298932981166,0.25713122854411713,0.013153153459374038,0.038732822578235286,1,368
2,2,4,0.4999971105030326,0.37488141022862664,0.7371371634578804,0.7371371634578804,0.00827145408717015,0.28901860102567045,0.012504320291739968,0.038732822578235286,1,368
2,6,8,0.4999971105030326,0.37488141022862664,0.7044759752774641,0.7044759752774641,0.0073723583288791104,0.26595799080890087,0.012973549569980975,0.038732822578235286,1,368
2,12,14,0.4999971105030326,0.37488141022862664,0.676933290183512,0.676933290183512,0.006650117521920872,0.2463209949832796,0.013373116333022541,0.038732822578235286,1,368
4,0,4,0.4999971105030326,0.37488141022862664,0.7649379769475932,0.7649379769475932,0.0037991578787044296,0.15733580760640573,0.015183755984553928,0.038732822578235286,1,368
4,2,6,0.4999971105030326,0.37488141022862664,0.7737311978024413,0.7737311978024413,0.00555253348434331,0.2143819945207612,0.014023000008861634,0.038732822578235286,1,368
4,6,10,0.4999971105030326,0.37488141022862664,0.7613636691988293,0.7613636691988293,0.0056245700671998765,0.21656098543540975,0.013978662659391574,0.038732822578235286,1,368
4,12,16,0.4999971105030326,0.37488141022862664,0.7658216814368121,0.7658216814368121,0.005693973771872949,0.21864893377899988,0.013936177812500812,0.038732822578235286,1,368
8,0,8,0.4999971105030326,0.37488141022862664,0.8022334366810083,0.8022334366810083,0.0039961112058402234,0.16415338601377846,0.015045034269674155,0.038732822578235286,1,368
8,2,10,0.4999971105030326,0.37488141022862664,0.7815325988232044,0.7815325988232044,0.0035785450771252565,0.1495659766785289,0.015341853802611246,0.038732822578235286,1,368
8,6,14,0.4999971105030326,0.37488141022862664,0.7944212000466172,0.7944212000466172,0.003785946831562942,0.15687452222932705,0.015193142059012295,0.038732822578235286,1,368
8,12,20,0.4999971105030326,0.37488141022862664,0.7962603648664138,0.7962603648664138,0.0034091875061608434,0.14350340936305914,0.015465212814319302,0.038732822578235286,1,368
13,0,13,0.4999971105030326,0.37488141022862664,0.8255740708100128,0.8255740708100128,0.004195503920709397,0.17094394400719,0.014906862356782426,0.038732822578235286,1,368
13,2,15,0.4999971105030326,0.37488141022862664,0.7968919607452205,0.7968919607452205,0.004377219594731786,0.17703709913985646,0.014782880954805802,0.038732822578235286,1,368
13,6,19,0.4999971105030326,0.37488141022862664,0.8160081503077796,0.8160081503077796,0.0027062956747372358,0.1173896843658173,0.015996565810508824,0.038732822578235286,1,368
13,12,25,0.4999971105030326,0.37488141022862664,0.7696281121086298,0.7696281121086298,0.003522542731859136,0.14757075628923638,0.01538245185333061,0.038732822578235286,1,368
20,0,20,0.4999971105030326,0.37488141022862664,0.8169455512823106,0.8169455512823106,0.003714429845528399,0.15436859640443948,0.015244131766356712,0.038732822578235286,1,368
20,2,22,0.4999971105030326,0.37488141022862664,0.773798378606935,0.773798378606935,0.0027346777940890424,0.118474945309159,0.01597448329819196,0.038732822578235286,1,368
20,6,26,0.4999971105030326,0.37488141022862664,0.827721448639673,0.827721448639673,0.0024468130574669643,0.10734241932761492,0.016201004065952054,0.038732822578235286,1,368
20,12,32,0.4999971105030326,0.37488141022862664,0.7466469795606616,0.7466469795606616,0.0019366411289117643,0.08690610434333677,0.016929998020257523,0.038732822578235286,1,368
0,0,0,0.343817391496981,0.3080817785431734,0.343817391496981,0.343817391496981,,1.0,0.03326794238522164,0.03326794238522164,2,368
0,2,2,0.343817391496981,0.3080817785431734,0.3395616440467213,0.3395616440467213,0.012535942606503134,0.3770004564055465,0.004742201572268555,0.03326794238522164,2,368
0,6,6,0.343817391496981,0.3080817785431734,0.3262665869165504,0.3262665869165504,0.012057587187400673,0.3679072640419361,0.00493057482030928,0.03326794238522164,2,368
0,12,12,0.343817391496981,0.3080817785431734,0.30232734533245104,0.30232734533245104,0.010782694890279797,0.34232354094688017,0.00546056350015689,0.03326794238522164,2,368
1,0,1,0.343817391496981,0.3080817785431734,0.5353628678450035,0.5353628678450035,0.008096212152024555,0.28100074557838534,0.006730917593701396,0.03326794238522164,2,368
1,2,3,0.343817391496981,0.3080817785431734,0.5377358672295408,0.5377358672295408,0.00803447767044312,0.2794568661445985,0.006762900375093941,0.03326794238522164,2,368
1,6,7,0.343817391496981,0.3080817785431734,0.4954011247848529,0.4954011247848529,0.009302708505794753,0.3098985307491019,0.0061322752867844785,0.03326794238522164,2,368
1,12,13,0.343817391496981,0.3080817785431734,0.5300452302591976,0.5300452302591976,0.008764012703605873,0.2972880680002973,0.0063935117956254485,0.03326794238522164,2,368
2,0,2,0.343817391496981,0.3080817785431734,0.6256148608755369,0.6256148608755369,0.007242118741616711,0.25903590125356396,0.007185938108249569,0.03326794238522164,2,368
2,2,4,0.343817391496981,0.3080817785431734,0.6577357131230357,0.6577357131230357,0.006305112529722136,0.23334148521236048,0.007718219887040557,0.03326794238522164,2,368
2,6,8,0.343817391496981,0.3080817785431734,0.6425882476453008,0.6425882476453008,0.006570834512686162,0.240807324042218,0.007563558657684312,0.03326794238522164,2,368
2,12,14,0.343817391496981,0.3080817785431734,0.5909948345425878,0.5909948345425878,0.006069242130281181,0.22659026627790252,0.007858077154770571,0.03326794238522164,2,368
4,0,4,0.343817391496981,0.3080817785431734,0.7391434375189623,0.7391434375189623,0.005659796923333189,0.21458415860263697,0.008106793931968326,0.03326794238522164,2,368
4,2,6,0.343817391496981,0.3080817785431734,0.7074661230559707,0.7074661230559707,0.005993851340668897,0.22440724070195123,0.007903300394514564,0.03326794238522164,2,368
4,6,10,0.343817391496981,0.3080817785431734,0.681779458180792,0.681779458180792,0.007250206149733242,0.25925017809384504,0.007181499180448454,0.03326794238522164,2,368
4,12,16,0.343817391496981,0.3080817785431734,0.6571871902820439,0.6571871902820439,0.005426865839765534,0.20758612006358063,0.008251764278663249,0.03326794238522164,2,368
8,0,8,0.343817391496981,0.3080817785431734,0.7857324826654261,0.7857324826654261,0.00517803900743086,0.19997143526615038,0.008409508979395474,0.03326794238522164,2,368
8,2,10,0.343817391496981,0.3080817785431734,0.7633497167811389,0.7633497167811389,0.0036799222631425134,0.1508425958501287,0.009427254858202864,0.03326794238522164,2,368
8,6,14,0.343817391496981,0.3080817785431734,0.718674722584212,0.718674722584212,0.0056198284644509156,0.2133921689718998,0.008131487015474548,0.03326794238522164,2,368
8,12,20,0.343817391496981,0.3080817785431734,0.7579013294575548,0.7579013294575548,0.003421896555175323,0.14176534413013578,0.009615297882193114,0.03326794238522164,2,368
13,0,13,0.343817391496981,0.3080817785431734,0.7481454245297102,0.7481454245297102,0.0038591575950287713,0.15703583839523744,0.009298956548052168,0.03326794238522164,2,368
13,2,15,0.343817391496981,0.3080817785431734,0.7755279833333815,0.7755279833333815,0.005467639184846777,0.20882007933659136,0.00822620175816306,0.03326794238522164,2,368
13,6,19,0.343817391496981,0.3080817785431734,0.7300566919305018,0.7300566919305018,0.0030598483430737088,0.12869644233955008,0.009886031347424704,0.03326794238522164,2,368
13,12,25,0.343817391496981,0.3080817785431734,0.7544767939682714,0.7544767939682714,0.0026214640491618382,0.11232927498350077,0.010225091201522079,0.03326794238522164,2,368
20,0,20,0.343817391496981,0.3080817785431734,0.812245302881888,0.812245302881888,0.003288367461714615,0.13699121328109323,0.009714198081226023,0.03326794238522164,2,368
20,2,22,0.343817391496981,0.3080817785431734,0.7778573994719925,0.7778573994719925,0.0033340791221762693,0.1386315323604384,0.00968021747018828,0.03326794238522164,2,368
20,6,26,0.343817391496981,0.3080817785431734,0.7012043423360428,0.7012043423360428,0.002250481456604888,0.09799044485715117,0.010522132317116854,0.03326794238522164,2,368
20,12,32,0.343817391496981,0.3080817785431734,0.7091439576284164,0.7091439576284164,0.0021757539606361634,0.09504591974314482,0.010583130670333549,0.03326794238522164,2,368
0,0,0,0.41263076177734886,0.37439597473809116,0.41263076177734886,0.41263076177734886,,1.0,0.032527550367922056,0.032527550367922056,3,368
0,2,2,0.41263076177734886,0.37439597473809116,0.40581805030228957,0.40581805030228957,0.011328395675575916,0.3517547297568182,0.004306984463687573,0.032527550367922056,3,368
0,6,6,0.41263076177734886,0.37439597473809116,0.4052873460259303,0.4052873460259303,0.01140755721753867,0.35334422393817183,0.004273800614345794,0.032527550367922056,3,368
0,12,12,0.41263076177734886,0.37439597473809116,0.3212008171497424,0.3212008171497424,0.009658333290056755,0.3163003761570522,0.005047164542461355,0.032527550367922056,3,368
1,0,1,0.41263076177734886,0.37439597473809116,0.5723303696726103,0.5723303696726103,0.009264678569092088,0.3073711554364231,0.005233579767259791,0.032527550367922056,3,368
1,2,3,0.41263076177734886,0.37439597473809116,0.5359176512627584,0.5359176512627584,0.00918097054717348,0.30544226221624504,0.005273849245918881,0.032527550367922056,3,368
1,6,7,0.41263076177734886,0.37439597473809116,0.5588284727178513,0.5588284727178513,0.007895520598087447,0.27441197380648286,0.005921668173286451,0.032527550367922056,3,368
1,12,13,0.41263076177734886,0.37439597473809116,0.5967906838765106,0.5967906838765106,0.007425798315880035,0.26236987759773717,0.0061730708591458735,0.032527550367922056,3,368
2,0,2,0.41263076177734886,0.37439597473809116,0.628048298904977,0.628048298904977,0.008199147694965079,0.28198891580113633,0.00576348445385448,0.032527550367922056,3,368
2,2,4,0.41263076177734886,0.37439597473809116,0.6222387244604587,0.6222387244604587,0.0065230758722829955,0.23806791632273058,0.0066804225884694755,0.032527550367922056,3,368
2,6,8,0.41263076177734886,0.37439597473809116,0.6170934935270452,0.6170934935270452,0.00716507996546498,0.2555118343212685,0.006316246139392526,0.032527550367922056,3,368
2,12,14,0.41263076177734886,0.37439597473809116,0.6107686254566609,0.6107686254566609,0.005777159094331963,0.21674523267282422,0.00712557597757991,0.032527550367922056,3,368
4,0,4,0.41263076177734886,0.37439597473809116,0.6858242723524262,0.6858242723524262,0.0062487283422859655,0.23036179013817243,0.006841303284553124,0.032527550367922056,3,368
4,2,6,0.41263076177734886,0.37439597473809116,0.7018149893618354,0.7018149893618354,0.005370698202229903,0.2046160704567102,0.007378796339342275,0.032527550367922056,3,368
4,6,10,0.41263076177734886,0.37439597473809116,0.7247648190259891,0.7247648190259891,0.005121603049147817,0.19699541559024353,0.00753789265183029,0.032527550367922056,3,368
4,12,16,0.41263076177734886,0.37439597473809116,0.6473537505189055,0.6473537505189055,0.005160693016057576,0.19820095397261678,0.007512724642707818,0.032527550367922056,3,368
8,0,8,0.41263076177734886,0.37439597473809116,0.7565247249439678,0.7565247249439678,0.004632622507570308,0.18160303505848494,0.007859239179907681,0.032527550367922056,3,368
8,2,10,0.41263076177734886,0.37439597473809116,0.7492297082667545,0.7492297082667545,0.004560084144608376,0.1792692295751352,0.007907962006616316,0.032527550367922056,3,368
8,6,14,0.41263076177734886,0.37439597473809116,0.7259639602674905,0.7259639602674905,0.004830169958186796,0.18789203210138145,0.007727943870474948,0.032527550367922056,3,368
8,12,20,0.41263076177734886,0.37439597473809116,0.696169875453049,0.696169875453049,0.0026362371234682873,0.11211721161503264,0.009309893811793991,0.032527550367922056,3,368
13,0,13,0.41263076177734886,0.37439597473809116,0.7417285741391948,0.7417285741391948,0.004159822019345061,0.16614825068594927,0.008181888512156987,0.032527550367922056,3,368
13,2,15,0.41263076177734886,0.37439597473809116,0.7640708870659374,0.7640708870659374,0.0036767594666251395,0.1497433181288601,0.008524374075691992,0.032527550367922056,3,368
13,6,19,0.41263076177734886,0.37439597473809116,0.7559880008822597,0.7559880008822597,0.0028514554528882505,0.12017035926314269,0.009141768353131172,0.032527550367922056,3,368
13,12,25,0.41263076177734886,0.37439597473809116,0.7026425894516024,0.7026425894516024,0.0029662630690820563,0.12440682633316903,0.00905332368523471,0.032527550367922056,3,368
20,0,20,0.41263076177734886,0.37439597473809116,0.7605341427777504,0.7605341427777504,0.004261799922230018,0.1695308503720567,0.008111270022524182,0.032527550367922056,3,368
20,2,22,0.41263076177734886,0.37439597473809116,0.752116797320088,0.752116797320088,0.004504203076719771,0.177462249217506,0.00794568631203026,0.032527550367922056,3,368
20,6,26,0.41263076177734886,0.37439597473809116,0.7271368552448704,0.7271368552448704,0.001626377518396103,0.07227263807270592,0.010236854979319502,0.032527550367922056,3,368
20,12,32,0.41263076177734886,0.37439597473809116,0.7434463800863574,0.7434463800863574,0.0023835742009296022,0.10247277275725677,0.009511240636335292,0.032527550367922056,3,368
0,0,0,0.5647442361759242,0.4960257377126549,0.5647442361759242,0.5647442361759242,,1.0,0.04731162160233031,0.04731162160233031,4,368
0,2,2,0.5647442361759242,0.4960257377126549,0.5628557091162667,0.5628557091162667,0.02632413181301058,0.5575913563698576,0.014779292586134491,0.04731162160233031,4,368
0,6,6,0.5647442361759242,0.4960257377126549,0.5620582079532441,0.5620582079532441,0.026138054443540417,0.5558407267680776,0.014815856770930258,0.04731162160233031,4,368
0,12,12,0.5647442361759242,0.4960257377126549,0.5724690655270491,0.5724690655270491,0.02395733503731588,0.5342415271143698,0.015266984254879944,0.04731162160233031,4,368
1,0,1,0.5647442361759242,0.4960257377126549,0.7139535253307752,0.7139535253307752,0.012284106073674108,0.37033324177861504,0.018690422787211582,0.04731162160233031,4,368
1,2,3,0.5647442361759242,0.4960257377126549,0.6739655360065033,0.6739655360065033,0.01219143373089088,0.3685691341068894,0.018727268479094675,0.04731162160233031,4,368
1,6,7,0.5647442361759242,0.4960257377126549,0.6752125947393819,0.6752125947393819,0.013500160954404098,0.3926009945328227,0.01822533169891771,0.04731162160233031,4,368
1,12,13,0.5647442361759242,0.4960257377126549,0.6753989672937839,0.6753989672937839,0.012484278033789344,0.37411026979598383,0.018611534625909257,0.04731162160233031,4,368
2,0,2,0.5647442361759242,0.4960257377126549,0.7416587446291475,0.7416587446291475,0.00804786267784335,0.27814390965044916,0.020615917347971528,0.04731162160233031,4,368
2,2,4,0.5647442361759242,0.4960257377126549,0.7062132853291571,0.7062132853291571,0.009548215093312405,0.3137297675944101,0.019872660245123516,0.04731162160233031,4,368
2,6,8,0.5647442361759242,0.4960257377126549,0.7337263530791924,0.7337263530791924,0.0076882385787626,0.26905901069835375,0.020805667323521775,0.04731162160233031,4,368
2,12,14,0.5647442361759242,0.4960257377126549,0.739222176311326,0.739222176311326,0.008217902244744512,0.2823613100265705,0.020527831435021425,0.04731162160233031,4,368
4,0,4,0.5647442361759242,0.4960257377126549,0.8041934787906108,0.8041934787906108,0.005164780384939262,0.19825585753522143,0.022284483615527585,0.04731162160233031,4,368
4,2,6,0.5647442361759242,0.4960257377126549,0.791385542690873,0.791385542690873,0.006854039972450609,0.24707839211790966,0.021264761239723963,0.04731162160233031,4,368
4,6,10,0.5647442361759242,0.4960257377126549,0.7556920682345077,0.7556920682345077,0.004613112745319097,0.18091050897660546,0.02264676386567267,0.04731162160233031,4,368
4,12,16,0.5647442361759242,0.4960257377126549,0.7951739140066441,0.7951739140066441,0.0037657039354283273,0.15275444118260897,0.023234840101156777,0.04731162160233031,4,368
8,0,8,0.5647442361759242,0.4960257377126549,0.8090745615429145,0.8090745615429145,0.0023655810801165157,0.10173716722919911,0.024942016838975345,0.04731162160233031,4,368
8,2,10,0.5647442361759242,0.4960257377126549,0.8392789549267368,0.8392789549267368,0.0031341955564612306,0.13048002372950354,0.02370007039038834,0.04731162160233031,4,368
8,6,14,0.5647442361759242,0.4960257377126549,0.8098084937726524,0.8098084937726524,0.003529695011564301,0.14456483158830427,0.023405890789610136,0.04731162160233031,4,368
8,12,20,0.5647442361759242,0.4960257377126549,0.7989189428679029,0.7989189428679029,0.0023655810801165157,0.10173716722919911,0.024784053711090544,0.04731162160233031,4,368
13,0,13,0.5647442361759242,0.4960257377126549,0.8268119794691609,0.8268119794691609,0.0024236886366164334,0.10397637234667664,0.024253633751786366,0.04731162160233031,4,368
13,2,15,0.5647442361759242,0.4960257377126549,0.8592311722785514,0.8592311722785514,0.0023655810801165157,0.10173716722919911,0.024743463588146844,0.04731162160233031,4,368
13,6,19,0.5647442361759242,0.4960257377126549,0.8534733679880335,0.8534733679880335,0.0023655810801165157,0.10173716722919911,0.0248039592695472,0.04731162160233031,4,368
13,12,25,0.5647442361759242,0.4960257377126549,0.8289540598877143,0.8289540598877143,0.0023655810801165157,0.10173716722919911,0.02519148949722813,0.04731162160233031,4,368
20,0,20,0.5647442361759242,0.4960257377126549,0.8815034149038327,0.8815034149038327,0.0023655810801165157,0.10173716722919911,0.024539475502229225,0.04731162160233031,4,368
20,2,22,0.5647442361759242,0.4960257377126549,0.8425062822479902,0.8425062822479902,0.0023655810801165157,0.10173716722919911,0.02727120987379337,0.04731162160233031,4,368
20,6,26,0.5647442361759242,0.4960257377126549,0.8258269017946666,0.8258269017946666,0.0023655810801165157,0.10173716722919911,0.02597668313059811,0.04731162160233031,4,368
20,12,32,0.5647442361759242,0.4960257377126549,0.8294168609853377,0.8294168609853377,0.0023655810801165157,0.10173716722919911,0.026962768035588044,0.04731162160233031,4,368
0,0,0,0.48395341938255304,0.4160023231555619,0.48395341938255304,0.48395341938255304,,1.0,0.04413442291951816,0.04413442291951816,5,368
0,2,2,0.48395341938255304,0.4160023231555619,0.4810458630590334,0.4810458630590334,0.02289871681865811,0.5235872226307883,0.0123896058174319,0.04413442291951816,5,368
0,6,6,0.48395341938255304,0.4160023231555619,0.48182289695186964,0.48182289695186964,0.022799905718743376,0.5225084017061505,0.012412083672608038,0.04413442291951816,5,368
0,12,12,0.48395341938255304,0.4160023231555619,0.456323567796749,0.456323567796749,0.021132318391067436,0.5035353521101896,0.012807398086083232,0.04413442291951816,5,368
1,0,1,0.48395341938255304,0.4160023231555619,0.6378706622630733,0.6378706622630733,0.012954985779837381,0.38339066191324095,0.015310681888570985,0.04413442291951816,5,368
1,2,3,0.48395341938255304,0.4160023231555619,0.6484356263418102,0.6484356263418102,0.01268677404888428,0.37845718145868906,0.015413473794659608,0.04413442291951816,5,368
1,6,7,0.48395341938255304,0.4160023231555619,0.652427466402374,0.652427466402374,0.013456808734550716,0.3924139107751375,0.01512267730272725,0.04413442291951816,5,368
1,12,13,0.48395341938255304,0.4160023231555619,0.6125153263734984,0.6125153263734984,0.013343946060053475,0.39040762785376654,0.015164479362660502,0.04413442291951816,5,368
2,0,2,0.48395341938255304,0.4160023231555619,0.7084076174845387,0.7084076174845387,0.00989597642364318,0.3220135560936277,0.01658950923075274,0.04413442291951816,5,368
2,2,4,0.48395341938255304,0.4160023231555619,0.6876774030742322,0.6876774030742322,0.0097560501035769,0.318912441155368,0.01665412274618877,0.04413442291951816,5,368
2,6,8,0.48395341938255304,0.4160023231555619,0.6967728171535952,0.6967728171535952,0.010636571400763652,0.3379677695548771,0.016257094006463527,0.04413442291951816,5,368
2,12,14,0.48395341938255304,0.4160023231555619,0.705649111046258,0.705649111046258,0.011251944662361669,0.3506641987819701,0.01599255659260435,0.04413442291951816,5,368
4,0,4,0.48395341938255304,0.4160023231555619,0.7198247423772662,0.7198247423772662,0.010330309801175764,0.3314620969001266,0.01639264344234977,0.04413442291951816,5,368
4,2,6,0.48395341938255304,0.4160023231555619,0.7379438146946331,0.7379438146946331,0.007817024241515601,0.27282076403379646,0.0176144693797253,0.04413442291951816,5,368
4,6,10,0.48395341938255304,0.4160023231555619,0.764725839711898,0.764725839711898,0.007969980487716185,0.27668205402394763,0.01753401717935583,0.04413442291951816,5,368
4,12,16,0.48395341938255304,0.4160023231555619,0.7117433009420724,0.7117433009420724,0.008479796910750605,0.2892610981748338,0.01727192555115256,0.04413442291951816,5,368
8,0,8,0.48395341938255304,0.4160023231555619,0.785087161676024,0.785087161676024,0.008906746509120069,0.29946372072992095,0.017059348035299154,0.04413442291951816,5,368
8,2,10,0.48395341938255304,0.4160023231555619,0.7928379964998559,0.7928379964998559,0.007624177950594009,0.2678933208942533,0.017717135494879237,0.04413442291951816,5,368
8,6,14,0.48395341938255304,0.4160023231555619,0.7953063492843198,0.7953063492843198,0.007000645272613078,0.25149409642334053,0.018058822779802964,0.04413442291951816,5,368
8,12,20,0.48395341938255304,0.4160023231555619,0.785881050967837,0.785881050967837,0.0063919155760004225,0.2347596215171555,0.01840749520059095,0.04413442291951816,5,368
13,0,13,0.48395341938255304,0.4160023231555619,0.8338678902723159,0.8338678902723159,0.00665708584611133,0.24214046373223735,0.01825371110297128,0.04413442291951816,5,368
13,2,15,0.48395341938255304,0.4160023231555619,0.7844989082517292,0.7844989082517292,0.006330299757362743,0.23302395456863192,0.018443658820902657,0.04413442291951816,5,368
13,6,19,0.48395341938255304,0.4160023231555619,0.8227507914813776,0.8227507914813776,0.005620384229482942,0.21244302675288476,0.018872474302942505,0.04413442291951816,5,368
13,12,25,0.48395341938255304,0.4160023231555619,0.8173351517900915,0.8173351517900915,0.005588474549148868,0.21149197303833314,0.018892290054725022,0.04413442291951816,5,368
20,0,20,0.48395341938255304,0.4160023231555619,0.7986408287847834,0.7986408287847834,0.004918196763535779,0.1909699538876604,0.019319878140806983,0.04413442291951816,5,368
20,2,22,0.48395341938255304,0.4160023231555619,0.8210021642332286,0.8210021642332286,0.004827227144720361,0.18810210055948517,0.019379631516279215,0.04413442291951816,5,368
20,6,26,0.48395341938255304,0.4160023231555619,0.8102236181703129,0.8102236181703129,0.003936226164667666,0.15889946829131746,0.019988085175172282,0.04413442291951816,5,368
20,12,32,0.48395341938255304,0.4160023231555619,0.7624657715005061,0.7624657715005061,0.006367696743358516,0.23407833478552437,0.018421690201945905,0.04413442291951816,5,368
0,0,0,0.43131602220085047,0.36831158227767363,0.43131602220085047,0.43131602220085047,,1.0,0.03746634195840904,0.03746634195840904,0,900
0,2,2,0.43131602220085047,0.36831158227767363,0.43265729134645026,0.43265729134645026,0.01649053805917435,0.4404752271037814,0.007291955277212809,0.03746634195840904,0,900
0,6,6,0.43131602220085047,0.36831158227767363,0.4299804649964589,0.4299804649964589,0.016172198730842902,0.43567673357225545,0.007392471826600894,0.03746634195840904,0,900
0,12,12,0.43131602220085047,0.36831158227767363,0.42831804319099986,0.42831804319099986,0.015918545320356376,0.43179396193183234,0.007473806271420518,0.03746634195840904,0,900
1,0,1,0.43131602220085047,0.36831158227767363,0.5756095172133957,0.5756095172133957,0.011571309686373248,0.3558341134679975,0.009064976877249815,0.03746634195840904,0,900
1,2,3,0.43131602220085047,0.36831158227767363,0.5925762542093673,0.5925762542093673,0.011001187307854484,0.34433902042724307,0.00930577059297753,0.03746634195840904,0,900
1,6,7,0.43131602220085047,0.36831158227767363,0.5758340607004865,0.5758340607004865,0.010052307920889882,0.32426977528754186,0.009726171549447049,0.03746634195840904,0,900
1,12,13,0.43131602220085047,0.36831158227767363,0.5971700705803341,0.5971700705803341,0.009889273654221677,0.32069718679738907,0.009801008425865537,0.03746634195840904,0,900
2,0,2,0.43131602220085047,0.36831158227767363,0.6669838851652904,0.6669838851652904,0.008045437309944867,0.2774962428290766,0.010705961155190482,0.03746634195840904,0,900
2,2,4,0.43131602220085047,0.36831158227767363,0.6455668546092855,0.6455668546092855,0.008887603298039823,0.29789059619816827,0.010278749986894849,0.03746634195840904,0,900
2,6,8,0.43131602220085047,0.36831158227767363,0.6659324599989219,0.6659324599989219,0.008928957234366031,0.2988624305042032,0.010258392466273481,0.03746634195840904,0,900
2,12,14,0.43131602220085047,0.36831158227767363,0.6585849118332245,0.6585849118332245,0.00825111697201742,0.282585669365682,0.010599350280243457,0.03746634195840904,0,900
4,0,4,0.43131602220085047,0.36831158227767363,0.7349350307839887,0.7349350307839887,0.0071154648127997044,0.25355336658097455,0.011207505084982911,0.03746634195840904,0,900
4,2,6,0.43131602220085047,0.36831158227767363,0.7108869846341375,0.7108869846341375,0.007535148238443427,0.2645520291447517,0.010977110357652073,0.03746634195840904,0,900
4,6,10,0.43131602220085047,0.36831158227767363,0.7129113821951222,0.7129113821951222,0.006935546663652675,0.2487368487948555,0.011308399197842744,0.03746634195840904,0,900
4,12,16,0.43131602220085047,0.36831158227767363,0.7331333166254939,0.7331333166254939,0.006986949090757366,0.2501192536765054,0.011279441241007382,0.03746634195840904,0,900
8,0,8,0.43131602220085047,0.36831158227767363,0.7890559206451695,0.7890559206451695,0.006060850551230009,0.22440635818010068,0.011818062688154166,0.03746634195840904,0,900
8,2,10,0.43131602220085047,0.36831158227767363,0.7792042706225565,0.7792042706225565,0.005556024718771608,0.20963325221499265,0.012127522652120151,0.03746634195840904,0,900
8,6,14,0.43131602220085047,0.36831158227767363,0.7726844107214947,0.7726844107214947,0.0048554452968041055,0.18817391110940956,0.0125770426745821,0.03746634195840904,0,900
8,12,20,0.43131602220085047,0.36831158227767363,0.7889382250266154,0.7889382250266154,0.0052824464728111475,0.20138973687222275,0.012300203872098684,0.03746634195840904,0,900
13,0,13,0.43131602220085047,0.36831158227767363,0.8058563199872264,0.8058563199872264,0.004673194469649283,0.18239905404419163,0.012698011620688053,0.03746634195840904,0,900
13,2,15,0.43131602220085047,0.36831158227767363,0.8019547678453924,0.8019547678453924,0.005142153464187168,0.19709533941311172,0.01239016085785987,0.03746634195840904,0,900
13,6,19,0.43131602220085047,0.36831158227767363,0.8067304774450339,0.8067304774450339,0.00563191986096959,0.21189007147995612,0.01208024788064943,0.03746634195840904,0,900
13,12,25,0.43131602220085047,0.36831158227767363,0.7948935574817582,0.7948935574817582,0.005129729396751902,0.19671280900566795,0.012398173922030886,0.03746634195840904,0,900
20,0,20,0.43131602220085047,0.36831158227767363,0.8199968148108825,0.8199968148108825,0.004575145544041509,0.1792581247578737,0.012763806306386478,0.03746634195840904,0,900
20,2,22,0.43131602220085047,0.36831158227767363,0.8241726059744108,0.8241726059744108,0.0052121921193738555,0.1992449944956884,0.012345130910470046,0.03746634195840904,0,900
20,6,26,0.43131602220085047,0.36831158227767363,0.8242163755757723,0.8242163755757723,0.003962274626110648,0.15906491195822595,0.013186804078154729,0.03746634195840904,0,900
20,12,32,0.43131602220085047,0.36831158227767363,0.7981516355781509,0.7981516355781509,0.004559345135698719,0.17874971042993942,0.012774456326766366,0.03746634195840904,0,900
0,0,0,0.4753670889305625,0.38697167115844183,0.4753670889305625,0.4753670889305625,,1.0,0.03734825835872311,0.03734825835872311,1,900
0,2,2,0.4753670889305625,0.38697167115844183,0.47547421663483536,0.47547421663483536,0.016682146915778805,0.4467006742050535,0.007454937851401265,0.03734825835872311,1,900
0,6,6,0.4753670889305625,0.38697167115844183,0.4723084349486852,0.4723084349486852,0.016450003482991398,0.44323977244102863,0.007526450810177765,0.03734825835872311,1,900
0,12,12,0.4753670889305625,0.38697167115844183,0.4628062668390126,0.4628062668390126,0.016177392548211097,0.439119878375097,0.007611580592699487,0.03734825835872311,1,900
1,0,1,0.4753670889305625,0.38697167115844183,0.5974217087510808,0.5974217087510808,0.00977878389945519,0.3212279494526222,0.010047593293421045,0.03734825835872311,1,900
1,2,3,0.4753670889305625,0.38697167115844183,0.6071362557237725,0.6071362557237725,0.010839403848159627,0.34408071010827024,0.009575384417779378,0.03734825835872311,1,900
1,6,7,0.4753670889305625,0.38697167115844183,0.6156919864510122,0.6156919864510122,0.009313338705365874,0.3106886324467951,0.010265368253231983,0.03734825835872311,1,900
1,12,13,0.4753670889305625,0.38697167115844183,0.6277878696969585,0.6277878696969585,0.010018915747782312,0.3265403379587236,0.009937822879192442,0.03734825835872311,1,900
2,0,2,0.4753670889305625,0.38697167115844183,0.6908364413618618,0.6908364413618618,0.008626432098253246,0.2945227021305349,0.010599406485783804,0.03734825835872311,1,900
2,2,4,0.4753670889305625,0.38697167115844183,0.6900966709012398,0.6900966709012398,0.007950783972494112,0.2778645505576356,0.010943615535317745,0.03734825835872311,1,900
2,6,8,0.4753670889305625,0.38697167115844183,0.6971010746103802,0.6971010746103802,0.007202022295066189,0.2584601012489603,0.011344571609227803,0.03734825835872311,1,900
2,12,14,0.4753670889305625,0.38697167115844183,0.6911462689048588,0.6911462689048588,0.0064459944643225145,0.2377797792053218,0.011771891168876761,0.03734825835872311,1,900
4,0,4,0.4753670889305625,0.38697167115844183,0.7750805453669285,0.7750805453669285,0.004736923731038664,0.18649288702193254,0.012831637343879364,0.03734825835872311,1,900
4,2,6,0.4753670889305625,0.38697167115844183,0.7668665763784893,0.7668665763784893,0.00538362833624768,0.20669115500584082,0.012414278515407457,0.03734825835872311,1,900
4,6,10,0.4753670889305625,0.38697167115844183,0.7574416923148466,0.7574416923148466,0.005329168151933964,0.2050289781659337,0.012448624241445433,0.03734825835872311,1,900
4,12,16,0.4753670889305625,0.38697167115844183,0.7601409219846774,0.7601409219846774,0.005195182723220684,0.2009098131437588,0.012533738959663197,0.03734825835872311,1,900
8,0,8,0.4753670889305625,0.38697167115844183,0.8158246121291508,0.8158246121291508,0.005243793842920893,0.20240920821446695,0.012502756809578588,0.03734825835872311,1,900
8,2,10,0.4753670889305625,0.38697167115844183,0.8067733581564094,0.8067733581564094,0.004778134769783941,0.1878106482718261,0.012804408311573246,0.03734825835872311,1,900
8,6,14,0.4753670889305625,0.38697167115844183,0.7870067658519744,0.7870067658519744,0.0043927562974177825,0.17531854704010122,0.013062533846860715,0.03734825835872311,1,900
8,12,20,0.4753670889305625,0.38697167115844183,0.8071537207659104,0.8071537207659104,0.003791546835995141,0.1550440242379123,0.013481468336257988,0.03734825835872311,1,900
13,0,13,0.4753670889305625,0.38697167115844183,0.8246901539384617,0.8246901539384617,0.0035189221381195304,0.14551811000414802,0.013678303253385324,0.03734825835872311,1,900
13,2,15,0.4753670889305625,0.38697167115844183,0.8566841193631104,0.8566841193631104,0.0034574828492936333,0.1433415970958323,0.01372327675696948,0.03734825835872311,1,900
13,6,19,0.4753670889305625,0.38697167115844183,0.8351610804457784,0.8351610804457784,0.003948216724073791,0.16042281645609763,0.0133703258154951,0.03734825835872311,1,900
13,12,25,0.4753670889305625,0.38697167115844183,0.838383290185132,0.838383290185132,0.003082354232781633,0.12980818222965018,0.014002919059877562,0.03734825835872311,1,900
20,0,20,0.4753670889305625,0.38697167115844183,0.8615418372944494,0.8615418372944494,0.0034056357906847266,0.14149624804814215,0.013761407388629562,0.03734825835872311,1,900
20,2,22,0.4753670889305625,0.38697167115844183,0.8348971130417033,0.8348971130417033,0.002637421521271121,0.11319152380473695,0.014346270732350891,0.03734825835872311,1,900
20,6,26,0.4753670889305625,0.38697167115844183,0.8342598612261661,0.8342598612261661,0.0029370194274557435,0.12444934667211742,0.01411364921416835,0.03734825835872311,1,900
20,12,32,0.4753670889305625,0.38697167115844183,0.8478340014411541,0.8478340014411541,0.0026009326402367944,0.11180059344993133,0.01437501166517894,0.03734825835872311,1,900
0,0,0,0.3487330889708918,0.30041683179032735,0.3487330889708918,0.3487330889708918,,1.0,0.038451322468224386,0.038451322468224386,2,900
0,2,2,0.3487330889708918,0.30041683179032735,0.349204612186764,0.349204612186764,0.018012716953158363,0.4684797499426121,0.008440618796196727,0.038451322468224386,2,900
0,6,6,0.3487330889708918,0.30041683179032735,0.34388014470799755,0.34388014470799755,0.017885905482442552,0.46672091660925036,0.008476563334061864,0.038451322468224386,2,900
0,12,12,0.3487330889708918,0.30041683179032735,0.34403688564224566,0.34403688564224566,0.017637035265148045,0.4632351094183473,0.00854780131107047,0.038451322468224386,2,900
1,0,1,0.3487330889708918,0.30041683179032735,0.5086575004002063,0.5086575004002063,0.01373475100785377,0.4019378426855355,0.009800507797418378,0.038451322468224386,2,900
1,2,3,0.3487330889708918,0.30041683179032735,0.5177559478468493,0.5177559478468493,0.01224428791453179,0.3746622642237293,0.01035792733468635,0.038451322468224386,2,900
1,6,7,0.3487330889708918,0.30041683179032735,0.49973788445006306,0.49973788445006306,0.012760851247341977,0.38439273234186283,0.01015906984598429,0.038451322468224386,2,900
1,12,13,0.3487330889708918,0.30041683179032735,0.5124232992880238,0.5124232992880238,0.01135025626234195,0.3570741114718697,0.010717369022864248,0.038451322468224386,2,900
2,0,2,0.3487330889708918,0.30041683179032735,0.6072874164042179,0.6072874164042179,0.010222047897743277,0.3334150497827855,0.011200879326317234,0.038451322468224386,2,900
2,2,4,0.3487330889708918,0.30041683179032735,0.5982758991060484,0.5982758991060484,0.009933358344356272,0.3270786486244103,0.011330373694570205,0.038451322468224386,2,900
2,6,8,0.3487330889708918,0.30041683179032735,0.6042628365384813,0.6042628365384813,0.010251467139433423,0.33405407460448144,0.011187819844520651,0.038451322468224386,2,900
2,12,14,0.3487330889708918,0.30041683179032735,0.624232902345147,0.624232902345147,0.010007306340068686,0.3287131700810648,0.011296969666300049,0.038451322468224386,2,900
4,0,4,0.3487330889708918,0.30041683179032735,0.6968759879127424,0.6968759879127424,0.00822377629421582,0.28693908240395144,0.012150689144894254,0.038451322468224386,2,900
4,2,6,0.3487330889708918,0.30041683179032735,0.665018730475799,0.665018730475799,0.008683401062666098,0.2981939132395769,0.011920678895791426,0.038451322468224386,2,900
4,6,10,0.3487330889708918,0.30041683179032735,0.6810165115430185,0.6810165115430185,0.008569890680907181,0.2954475509499583,0.011976805148028137,0.038451322468224386,2,900
4,12,16,0.3487330889708918,0.30041683179032735,0.6630977569108111,0.6630977569108111,0.007990868686064485,0.28109693612212727,0.01227008263389491,0.038451322468224386,2,900
8,0,8,0.3487330889708918,0.30041683179032735,0.7183827798964361,0.7183827798964361,0.007488821833660366,0.2681723943570709,0.012534216063738243,0.038451322468224386,2,900
8,2,10,0.3487330889708918,0.30041683179032735,0.7402580497012959,0.7402580497012959,0.007030876737121532,0.25597116041981494,0.012783567555400563,0.038451322468224386,2,900
8,6,14,0.3487330889708918,0.30041683179032735,0.7210180588700317,0.7210180588700317,0.007463957288812363,0.2675202004502256,0.012547544676595032,0.038451322468224386,2,900
8,12,20,0.3487330889708918,0.30041683179032735,0.7371925973571162,0.7371925973571162,0.007633730785372484,0.2719503493834475,0.01245700758416113,0.038451322468224386,2,900
13,0,13,0.3487330889708918,0.30041683179032735,0.7709212645118493,0.7709212645118493,0.006787718439365285,0.249325744469261,0.01291937712912961,0.038451322468224386,2,900
13,2,15,0.3487330889708918,0.30041683179032735,0.7445437998483125,0.7445437998483125,0.007679770318181445,0.27314250503566384,0.012432643999977578,0.038451322468224386,2,900
13,6,19,0.3487330889708918,0.30041683179032735,0.7334731524359908,0.7334731524359908,0.0075124295680831545,0.26879054834947436,0.012521583110311114,0.038451322468224386,2,900
13,12,25,0.3487330889708918,0.30041683179032735,0.7463274563713453,0.7463274563713453,0.007021008906079918,0.25570376800806605,0.012789032141775323,0.038451322468224386,2,900
20,0,20,0.3487330889708918,0.30041683179032735,0.7622839205151282,0.7622839205151282,0.0058642855970321844,0.2229693014551942,0.013458012681424271,0.038451322468224386,2,900
20,2,22,0.3487330889708918,0.30041683179032735,0.7657708548611377,0.7657708548611377,0.006155412518844064,0.23147616894592404,0.013284161404652158,0.038451322468224386,2,900
20,6,26,0.3487330889708918,0.30041683179032735,0.7591924763693124,0.7591924763693124,0.005905217462015087,0.22417671016995303,0.013433337376810017,0.038451322468224386,2,900
20,12,32,0.3487330889708918,0.30041683179032735,0.7567554034017326,0.7567554034017326,0.006657989013995395,0.24573149868928612,0.012992831220022916,0.038451322468224386,2,900
0,0,0,0.39712556023731715,0.3581625327109458,0.39712556023731715,0.39712556023731715,,1.0,0.036199482594932074,0.036199482594932074,3,900
0,2,2,0.39712556023731715,0.3581625327109458,0.3964262178101454,0.3964262178101454,0.015191951273819133,0.41984437157429827,0.006393017247338073,0.036199482594932074,3,900
0,6,6,0.39712556023731715,0.3581625327109458,0.3958354351877801,0.3958354351877801,0.015093429617279549,0.4182604448858838,0.006426268254910817,0.036199482594932074,3,900
0,12,12,0.39712556023731715,0.3581625327109458,0.39141389886489575,0.39141389886489575,0.014767473593316992,0.41295786590500233,0.006537584072200914,0.036199482594932074,3,900
1,0,1,0.39712556023731715,0.3581625327109458,0.5901013375736678,0.5901013375736678,0.010212968560829174,0.32727854740454937,0.00833623024006057,0.036199482594932074,3,900
1,2,3,0.39712556023731715,0.3581625327109458,0.5388807969721774,0.5388807969721774,0.010283604950107352,0.32879786080089,0.008304335644422633,0.036199482594932074,3,900
1,6,7,0.39712556023731715,0.3581625327109458,0.56979411908739,0.56979411908739,0.009701861379891746,0.31607682392810255,0.0085713854368684,0.036199482594932074,3,900
1,12,13,0.39712556023731715,0.3581625327109458,0.581864175140957,0.581864175140957,0.010560247977809262,0.33468266700811744,0.00818079726528427,0.036199482594932074,3,900
2,0,2,0.39712556023731715,0.3581625327109458,0.640237728688554,0.640237728688554,0.008201234868396051,0.28092189130590134,0.009309384827490913,0.036199482594932074,3,900
2,2,4,0.39712556023731715,0.3581625327109458,0.6362649665822633,0.6362649665822633,0.008316913310518589,0.28375992392662497,0.009249806663391757,0.036199482594932074,3,900
2,6,8,0.39712556023731715,0.3581625327109458,0.6405409060175794,0.6405409060175794,0.007932605445452885,0.27424382614590925,0.009449575908827218,0.036199482594932074,3,900
2,12,14,0.39712556023731715,0.3581625327109458,0.6518239981366233,0.6518239981366233,0.007202660187711426,0.25545488457517784,0.009844007824787851,0.036199482594932074,3,900
4,0,4,0.39712556023731715,0.3581625327109458,0.7137150868910539,0.7137150868910539,0.008386423146066559,0.2854545154296533,0.009214232494895147,0.036199482594932074,3,900
4,2,6,0.39712556023731715,0.3581625327109458,0.7211493841350421,0.7211493841350421,0.006102090061874083,0.22521209570704714,0.01047888771476697,0.036199482594932074,3,900
4,6,10,0.39712556023731715,0.3581625327109458,0.7072859431513702,0.7072859431513702,0.006857625514464848,0.24623081855229487,0.010037646514900193,0.036199482594932074,3,900
4,12,16,0.39712556023731715,0.3581625327109458,0.7085736649057592,0.7085736649057592,0.006574516327527584,0.23848979598992845,0.010200152015770157,0.036199482594932074,3,900
8,0,8,0.39712556023731715,0.3581625327109458,0.7761195754562661,0.7761195754562661,0.006337837733121108,0.23189524196368888,0.010338589967140849,0.036199482594932074,3,900
8,2,10,0.39712556023731715,0.3581625327109458,0.7717497099790659,0.7717497099790659,0.0058236418321780045,0.2171670847918295,0.010647774773001094,0.036199482594932074,3,900
8,6,14,0.39712556023731715,0.3581625327109458,0.7575912233636503,0.7575912233636503,0.005661252590228347,0.21239768660670777,0.010747897648845624,0.036199482594932074,3,900
8,12,20,0.39712556023731715,0.3581625327109458,0.7530444193964027,0.7530444193964027,0.005427280705329933,0.20542280208859343,0.010894319790493554,0.036199482594932074,3,900
13,0,13,0.39712556023731715,0.3581625327109458,0.7963753041670423,0.7963753041670423,0.005954829471420432,0.22097811088372865,0.010567770781422051,0.036199482594932074,3,900
13,2,15,0.39712556023731715,0.3581625327109458,0.7770098316993808,0.7770098316993808,0.005076846483714707,0.19474189892247548,0.01111854152667504,0.036199482594932074,3,900
13,6,19,0.39712556023731715,0.3581625327109458,0.7938420500107614,0.7938420500107614,0.005196379243102584,0.19841726555948427,0.011041385402737134,0.036199482594932074,3,900
13,12,25,0.39712556023731715,0.3581625327109458,0.7953929984275702,0.7953929984275702,0.004166091527897334,0.16559142144204936,0.011730490775678122,0.036199482594932074,3,900
20,0,20,0.39712556023731715,0.3581625327109458,0.8272085438788607,0.8272085438788607,0.004309858562376038,0.17033244863855898,0.011630963485452585,0.036199482594932074,3,900
20,2,22,0.39712556023731715,0.3581625327109458,0.7867200494486208,0.7867200494486208,0.005128758609556104,0.19634221342198585,0.011084946493564448,0.036199482594932074,3,900
20,6,26,0.39712556023731715,0.3581625327109458,0.8106764905471077,0.8106764905471077,0.004214260552955339,0.1671859229739148,0.011697017772856306,0.036199482594932074,3,900
20,12,32,0.39712556023731715,0.3581625327109458,0.7661321063359338,0.7661321063359338,0.0043455227060734125,0.17150022201313492,0.011606448688394536,0.036199482594932074,3,900
0,0,0,0.4770230745140838,0.40849816687016494,0.4770230745140838,0.4770230745140838,,1.0,0.04312555718503238,0.04312555718503238,4,900
0,2,2,0.4770230745140838,0.40849816687016494,0.47808730628062507,0.47808730628062507,0.022659013187900267,0.5274034437231343,0.0121126593062946,0.04312555718503238,4,900
0,6,6,0.4770230745140838,0.40849816687016494,0.4744896886703976,0.4744896886703976,0.02269869021547834,0.5278394881713131,0.012103805717547288,0.04312555718503238,4,900
0,12,12,0.4770230745140838,0.40849816687016494,0.46794808388652337,0.46794808388652337,0.022370592537242457,0.5242093754027766,0.012177512711623786,0.04312555718503238,4,900
1,0,1,0.4770230745140838,0.40849816687016494,0.6242283920515128,0.6242283920515128,0.013439435665171102,0.39827911564817237,0.014734441793892113,0.04312555718503238,4,900
1,2,3,0.4770230745140838,0.40849816687016494,0.6112501538067743,0.6112501538067743,0.013103560358969996,0.39222955051169883,0.01485727413826008,0.04312555718503238,4,900
1,6,7,0.4770230745140838,0.40849816687016494,0.606835695681929,0.606835695681929,0.014213531809577396,0.4117732848231659,0.014460451780119201,0.04312555718503238,4,900
1,12,13,0.4770230745140838,0.40849816687016494,0.6086526855794473,0.6086526855794473,0.011864195420691805,0.3688138215365119,0.015332714739397887,0.04312555718503238,4,900
2,0,2,0.4770230745140838,0.40849816687016494,0.6785704015272448,0.6785704015272448,0.009311048884609797,0.31439915360319926,0.01643756791139789,0.04312555718503238,4,900
2,2,4,0.4770230745140838,0.40849816687016494,0.6700673622230809,0.6700673622230809,0.010795961547057361,0.3471338145794031,0.015772912674353542,0.04312555718503238,4,900
2,6,8,0.4770230745140838,0.40849816687016494,0.6903795189870605,0.6903795189870605,0.009846031060543194,0.3265643239364971,0.016190562323729223,0.04312555718503238,4,900
2,12,14,0.4770230745140838,0.40849816687016494,0.6854685664220985,0.6854685664220985,0.009866403502311098,0.32701905370919915,0.01618132934205617,0.04312555718503238,4,900
4,0,4,0.4770230745140838,0.40849816687016494,0.7502065558105628,0.7502065558105628,0.007763415571927352,0.27659565965705335,0.017205142386910094,0.04312555718503238,4,900
4,2,6,0.4770230745140838,0.40849816687016494,0.7249882036891404,0.7249882036891404,0.008610466140931982,0.29778758278209067,0.016774854665331553,0.04312555718503238,4,900
4,6,10,0.4770230745140838,0.40849816687016494,0.7435655105747044,0.7435655105747044,0.008412034237600396,0.29293524968722207,0.016873378019696857,0.04312555718503238,4,900
4,12,16,0.4770230745140838,0.40849816687016494,0.7485512945077711,0.7485512945077711,0.008373276546448767,0.2919796538731277,0.016892780748895653,0.04312555718503238,4,900
8,0,8,0.4770230745140838,0.40849816687016494,0.796486300188848,0.796486300188848,0.006081578395134235,0.2304858776148286,0.018141370446080024,0.04312555718503238,4,900
8,2,10,0.4770230745140838,0.40849816687016494,0.7996719831341356,0.7996719831341356,0.0063197015444671385,0.23736834962484069,0.018001626488792954,0.04312555718503238,4,900
8,6,14,0.4770230745140838,0.40849816687016494,0.7780811087421097,0.7780811087421097,0.006601671607219386,0.2453605934076007,0.017839349363338433,0.04312555718503238,4,900
8,12,20,0.4770230745140838,0.40849816687016494,0.7907075440833878,0.7907075440833878,0.006664261909715745,0.24711200539870648,0.01780378812282473,0.04312555718503238,4,900
13,0,13,0.4770230745140838,0.40849816687016494,0.8245235858315875,0.8245235858315875,0.0062158767091977755,0.23438269730871386,0.018062248147570768,0.04312555718503238,4,900
13,2,15,0.4770230745140838,0.40849816687016494,0.8291126285341093,0.8291126285341093,0.005886200582878736,0.22474540562918308,0.018257926862263397,0.04312555718503238,4,900
13,6,19,0.4770230745140838,0.40849816687016494,0.8143414662651847,0.8143414662651847,0.0071827241162886815,0.26131301879923535,0.01751544611326916,0.04312555718503238,4,900
13,12,25,0.4770230745140838,0.40849816687016494,0.8011859273900339,0.8011859273900339,0.005916355530690261,0.2256369828202303,0.018239823988074815,0.04312555718503238,4,900
20,0,20,0.4770230745140838,0.40849816687016494,0.8121036692637893,0.8121036692637893,0.0055190502240346564,0.21372302819136782,0.01848172881011459,0.04312555718503238,4,900
20,2,22,0.4770230745140838,0.40849816687016494,0.8290299782263106,0.8290299782263106,0.006314523018812263,0.23721998455005014,0.01800463894167967,0.04312555718503238,4,900
20,6,26,0.4770230745140838,0.40849816687016494,0.835387994306166,0.835387994306166,0.005290205267860382,0.20669279523572787,0.018624472953852837,0.04312555718503238,4,900
20,12,32,0.4770230745140838,0.40849816687016494,0.8213034172470173,0.8213034172470173,0.005980792432737268,0.22753530233846767,0.018201279889197577,0.04312555718503238,4,900
0,0,0,0.41430191066079514,0.3609060422708341,0.41430191066079514,0.41430191066079514,,1.0,0.03757985189830657,0.03757985189830657,5,900
0,2,2,0.41430191066079514,0.3609060422708341,0.4150654013153103,0.4150654013153103,0.016587035223368296,0.44233884369552623,0.007418459754668303,0.03757985189830657,5,900
0,6,6,0.41430191066079514,0.3609060422708341,0.4150462572587538,0.4150462572587538,0.016588673911304017,0.442363212486593,0.007417950167987865,0.03757985189830657,5,900
0,12,12,0.41430191066079514,0.3609060422708341,0.4132520986651424,0.4132520986651424,0.016369546497084775,0.439085576989718,0.007486490268642614,0.03757985189830657,5,900
1,0,1,0.41430191066079514,0.3609060422708341,0.5863504193626577,0.5863504193626577,0.010091179729426435,0.32549434761186824,0.009861847230232234,0.03757985189830657,5,900
1,2,3,0.41430191066079514,0.3609060422708341,0.6009650217675166,0.6009650217675166,0.01063848932902045,0.3371952720079542,0.00961716397102722,0.03757985189830657,5,900
1,6,7,0.41430191066079514,0.3609060422708341,0.5787603853008872,0.5787603853008872,0.012433208831827976,0.3728696115902978,0.008871161913111691,0.03757985189830657,5,900
1,12,13,0.41430191066079514,0.3609060422708341,0.5575182685410723,0.5575182685410723,0.011152258840079872,0.3478156558080948,0.009395076379119034,0.03757985189830657,5,900
2,0,2,0.41430191066079514,0.3609060422708341,0.6626182336850622,0.6626182336850622,0.009771422287089191,0.3184650766227271,0.010008839457276592,0.03757985189830657,5,900
2,2,4,0.41430191066079514,0.3609060422708341,0.6531944031206623,0.6531944031206623,0.00893053934740419,0.2992608894385667,0.010410426797861017,0.03757985189830657,5,900
2,6,8,0.41430191066079514,0.3609060422708341,0.6499560287522989,0.6499560287522989,0.008807555921855201,0.29636108500213343,0.010471065904357672,0.03757985189830657,5,900
2,12,14,0.41430191066079514,0.3609060422708341,0.6590250111419892,0.6590250111419892,0.009229412147741919,0.3062093264402733,0.010265124926452695,0.03757985189830657,5,900
4,0,4,0.41430191066079514,0.3609060422708341,0.7115353146526519,0.7115353146526519,0.006791243652183452,0.24514743934598193,0.011542017336118867,0.03757985189830657,5,900
4,2,6,0.41430191066079514,0.3609060422708341,0.7284421338791776,0.7284421338791776,0.007171283926250972,0.2553627697493187,0.011328399996810146,0.03757985189830657,5,900
4,6,10,0.41430191066079514,0.3609060422708341,0.7334046256024186,0.7334046256024186,0.007626379081579503,0.26723756344129457,0.011080080879056368,0.03757985189830657,5,900
4,12,16,0.41430191066079514,0.3609060422708341,0.7079699604567413,0.7079699604567413,0.007408780294608647,0.26160737494633945,0.011197816266813007,0.03757985189830657,5,900
8,0,8,0.41430191066079514,0.3609060422708341,0.7605291858385012,0.7605291858385012,0.005718729369007858,0.21474620787176782,0.012177751073826374,0.03757985189830657,5,900
8,2,10,0.41430191066079514,0.3609060422708341,0.7632097817404713,0.7632097817404713,0.006278390141937432,0.2309094435524129,0.0118397544291372,0.03757985189830657,5,900
8,6,14,0.41430191066079514,0.3609060422708341,0.7735008726348221,0.7735008726348221,0.005457735603540997,0.20697401607109442,0.012340278849972987,0.03757985189830657,5,900
8,12,20,0.41430191066079514,0.3609060422708341,0.7602466669711939,0.7602466669711939,0.0056925175861941325,0.2139725298786783,0.012193929800097574,0.03757985189830657,5,900
13,0,13,0.41430191066079514,0.3609060422708341,0.7986100065144115,0.7986100065144115,0.005444609637072353,0.2065790695638787,0.012348537752887476,0.03757985189830657,5,900
13,2,15,0.41430191066079514,0.3609060422708341,0.7754315746068823,0.7754315746068823,0.00538581692838451,0.20480522092578232,0.012385631494493978,0.03757985189830657,5,900
13,6,19,0.41430191066079514,0.3609060422708341,0.8106448526479663,0.8106448526479663,0.004612677017214194,0.1807183287441349,0.012889323261368126,0.03757985189830657,5,900
13,12,25,0.41430191066079514,0.3609060422708341,0.7770620951383892,0.7770620951383892,0.0048379088872958186,0.18788465727116546,0.012739464962897793,0.03757985189830657,5,900
20,0,20,0.41430191066079514,0.3609060422708341,0.816326291760854,0.816326291760854,0.005017805633032935,0.19351910072944054,0.012621640597701607,0.03757985189830657,5,900
20,2,22,0.41430191066079514,0.3609060422708341,0.7917063272094575,0.7917063272094575,0.004642142791340516,0.18166304019021412,0.012869567978126413,0.03757985189830657,5,900
20,6,26,0.41430191066079514,0.3609060422708341,0.7938165026541186,0.7938165026541186,0.005129077452560218,0.19696521402026185,0.012549577382604685,0.03757985189830657,5,900
20,12,32,0.41430191066079514,0.3609060422708341,0.7881032116500556,0.7881032116500556,0.004740493969346601,0.1848005963076646,0.012803957139976459,0.03757985189830657,5,900
