active,h_noise,n_noise_cols,seed,rho_A0,rho_A,rho_H1,rho_HN,rho_IV,rho_FA,rho_EBT
3,0.3,0,0,0.08957090196003716,-0.017412590308819805,0.34530066660695036,0.3602018024682083,0.1724129129693145,0.7680451493532824,0.36018562150893185
3,0.3,0,1,0.20601368164856929,-0.004423338274373148,0.6681646300528874,0.6798028014636265,0.360521332674528,0.7969035187330905,0.6798027219905854
3,0.3,0,2,0.2190783417461924,-0.04487461027909652,0.7078891935702913,0.7067560291762142,0.38334257972362923,0.7959726191267363,0.7067773890065896
3,0.3,0,3,0.0952826072509037,-0.042809101530181276,0.6537234057922857,0.4696092340617755,0.18942217765975788,0.8010711365258422,0.4696092340617755
3,0.3,0,4,0.28370381500284614,-0.013466259825493649,0.7582502362163771,0.7756611409852994,0.48977262548362954,0.8102763514899691,0.7756611409852994
3,0.3,0,5,0.23321207877445524,0.00471421430243209,0.727622049943992,0.7744764472286352,0.42360603442546685,0.8023133794304416,0.7744737442183183
3,0.3,4,0,0.08957090196003716,-0.017412590308819805,0.34530066660695036,0.3327246126388524,0.16616919160543342,0.7632907228847197,0.33272838430957946
3,0.3,4,1,0.20601368164856929,-0.004423338274373148,0.6681646300528874,0.6754329188831517,0.36030100853075825,0.7946316517424148,0.675432839147053
3,0.3,4,2,0.2190783417461924,-0.04487461027909652,0.7078891935702913,0.6962173113615984,0.396863499200091,0.7995298306851095,0.6962023091420778
3,0.3,4,3,0.0952826072509037,-0.042809101530181276,0.6537234057922857,0.44812919518840966,0.1909273647883973,0.8017393326995704,0.44812919518840966
3,0.3,4,4,0.28370381500284614,-0.013466259825493649,0.7582502362163771,0.7525750233808464,0.48719880605985305,0.8094947425602678,0.7525750233808464
3,0.3,4,5,0.23321207877445524,0.00471421430243209,0.727622049943992,0.7127669052427996,0.40990090951732877,0.8027152603003344,0.7127564820462474
3,0.3,12,0,0.08957090196003716,-0.017412590308819805,0.34530066660695036,0.33279396056607174,0.17133537139186106,0.7618690903767229,0.3327587240642657
3,0.3,12,1,0.20601368164856929,-0.004423338274373148,0.6681646300528874,0.631919020884321,0.36552064401108414,0.7983135932532172,0.6319189385287788
3,0.3,12,2,0.2190783417461924,-0.04487461027909652,0.7078891935702913,0.6404040287293051,0.3750781368138288,0.795463826869047,0.640425372582683
3,0.3,12,3,0.0952826072509037,-0.042809101530181276,0.6537234057922857,0.4377443430873119,0.19811835957478163,0.8049449887935676,0.4377443430873119
3,0.3,12,4,0.28370381500284614,-0.013466259825493649,0.7582502362163771,0.6569663845554461,0.4692694773766835,0.8098937339331929,0.6569663845554461
3,0.3,12,5,0.23321207877445524,0.00471421430243209,0.727622049943992,0.7031191156598215,0.41749571150491743,0.8012290956933975,0.7031195257564007
3,0.6,0,0,0.08957090196003716,0.04699598263604955,0.18798320816995637,0.3602018024682083,0.1724129129693145,0.7680451493532824,0.36018562150893185
3,0.6,0,1,0.20601368164856929,0.08942246660945463,0.46405971434432985,0.6798028014636265,0.360521332674528,0.7969035187330905,0.6798027219905854
3,0.6,0,2,0.2190783417461924,0.07327836546935546,0.47856330358114624,0.7067560291762142,0.38334257972362923,0.7959726191267363,0.7067773890065896
3,0.6,0,3,0.0952826072509037,0.008025337035742115,0.4552339866485977,0.4696092340617755,0.18942217765975788,0.8010711365258422,0.4696092340617755
3,0.6,0,4,0.28370381500284614,0.10629905523080821,0.5431551187920362,0.7756611409852994,0.48977262548362954,0.8102763514899691,0.7756611409852994
3,0.6,0,5,0.23321207877445524,0.11402268062486336,0.4966631125853967,0.7744764472286352,0.42360603442546685,0.8023133794304416,0.7744737442183183
3,0.6,4,0,0.08957090196003716,0.04699598263604955,0.18798320816995637,0.3327246126388524,0.16616919160543342,0.7632907228847197,0.33272838430957946
3,0.6,4,1,0.20601368164856929,0.08942246660945463,0.46405971434432985,0.6754329188831517,0.36030100853075825,0.7946316517424148,0.675432839147053
3,0.6,4,2,0.2190783417461924,0.07327836546935546,0.47856330358114624,0.6962173113615984,0.396863499200091,0.7995298306851095,0.6962023091420778
3,0.6,4,3,0.0952826072509037,0.008025337035742115,0.4552339866485977,0.44812919518840966,0.1909273647883973,0.8017393326995704,0.44812919518840966
3,0.6,4,4,0.28370381500284614,0.10629905523080821,0.5431551187920362,0.7525750233808464,0.48719880605985305,0.8094947425602678,0.7525750233808464
3,0.6,4,5,0.23321207877445524,0.11402268062486336,0.4966631125853967,0.7127669052427996,0.40990090951732877,0.8027152603003344,0.7127564820462474
3,0.6,12,0,0.08957090196003716,0.04699598263604955,0.18798320816995637,0.33279396056607174,0.17133537139186106,0.7618690903767229,0.3327587240642657
3,0.6,12,1,0.20601368164856929,0.08942246660945463,0.46405971434432985,0.631919020884321,0.36552064401108414,0.7983135932532172,0.6319189385287788
3,0.6,12,2,0.2190783417461924,0.07327836546935546,0.47856330358114624,0.6404040287293051,0.3750781368138288,0.795463826869047,0.640425372582683
3,0.6,12,3,0.0952826072509037,0.008025337035742115,0.4552339866485977,0.4377443430873119,0.19811835957478163,0.8049449887935676,0.4377443430873119
3,0.6,12,4,0.28370381500284614,0.10629905523080821,0.5431551187920362,0.6569663845554461,0.4692694773766835,0.8098937339331929,0.6569663845554461
3,0.6,12,5,0.23321207877445524,0.11402268062486336,0.4966631125853967,0.7031191156598215,0.41749571150491743,0.8012290956933975,0.7031195257564007
3,1.2,0,0,0.08957090196003716,0.08299815168510648,0.10706693904991414,0.3602018024682083,0.1724129129693145,0.7680451493532824,0.36018562150893185
3,1.2,0,1,0.20601368164856929,0.16226355487106583,0.3051867433731795,0.6798028014636265,0.360521332674528,0.7969035187330905,0.6798027219905854
3,1.2,0,2,0.2190783417461924,0.16772518572241757,0.3170943603761355,0.7067560291762142,0.38334257972362923,0.7959726191267363,0.7067773890065896
3,1.2,0,3,0.0952826072509037,0.05403311170891593,0.28674067631566025,0.4696092340617755,0.18942217765975788,0.8010711365258422,0.4696092340617755
3,1.2,0,4,0.28370381500284614,0.20961061138866338,0.35533420403508625,0.7756611409852994,0.48977262548362954,0.8102763514899691,0.7756611409852994
3,1.2,0,5,0.23321207877445524,0.19405331892437513,0.33552670232305926,0.7744764472286352,0.42360603442546685,0.8023133794304416,0.7744737442183183
3,1.2,4,0,0.08957090196003716,0.08299815168510648,0.10706693904991414,0.3327246126388524,0.16616919160543342,0.7632907228847197,0.33272838430957946
3,1.2,4,1,0.20601368164856929,0.16226355487106583,0.3051867433731795,0.6754329188831517,0.36030100853075825,0.7946316517424148,0.675432839147053
3,1.2,4,2,0.2190783417461924,0.16772518572241757,0.3170943603761355,0.6962173113615984,0.396863499200091,0.7995298306851095,0.6962023091420778
3,1.2,4,3,0.0952826072509037,0.05403311170891593,0.28674067631566025,0.44812919518840966,0.1909273647883973,0.8017393326995704,0.44812919518840966
3,1.2,4,4,0.28370381500284614,0.20961061138866338,0.35533420403508625,0.7525750233808464,0.48719880605985305,0.8094947425602678,0.7525750233808464
3,1.2,4,5,0.23321207877445524,0.19405331892437513,0.33552670232305926,0.7127669052427996,0.40990090951732877,0.8027152603003344,0.7127564820462474
3,1.2,12,0,0.08957090196003716,0.08299815168510648,0.10706693904991414,0.33279396056607174,0.17133537139186106,0.7618690903767229,0.3327587240642657
3,1.2,12,1,0.20601368164856929,0.16226355487106583,0.3051867433731795,0.631919020884321,0.36552064401108414,0.7983135932532172,0.6319189385287788
3,1.2,12,2,0.2190783417461924,0.16772518572241757,0.3170943603761355,0.6404040287293051,0.3750781368138288,0.795463826869047,0.640425372582683
3,1.2,12,3,0.0952826072509037,0.05403311170891593,0.28674067631566025,0.4377443430873119,0.19811835957478163,0.8049449887935676,0.4377443430873119
3,1.2,12,4,0.28370381500284614,0.20961061138866338,0.35533420403508625,0.6569663845554461,0.4692694773766835,0.8098937339331929,0.6569663845554461
3,1.2,12,5,0.23321207877445524,0.19405331892437513,0.33552670232305926,0.7031191156598215,0.41749571150491743,0.8012290956933975,0.7031195257564007
3,2.5,0,0,0.08957090196003716,0.09046292630915884,0.085621333348744,0.3602018024682083,0.1724129129693145,0.7680451493532824,0.36018562150893185
3,2.5,0,1,0.20601368164856929,0.19370272662565505,0.23346846547484548,0.6798028014636265,0.360521332674528,0.7969035187330905,0.6798027219905854
3,2.5,0,2,0.2190783417461924,0.20821353960489017,0.24201222642483505,0.7067560291762142,0.38334257972362923,0.7959726191267363,0.7067773890065896
3,2.5,0,3,0.0952826072509037,0.07703711944120982,0.18676335886685488,0.4696092340617755,0.18942217765975788,0.8010711365258422,0.4696092340617755
3,2.5,0,4,0.28370381500284614,0.26139400891698766,0.27026476460712956,0.7756611409852994,0.48977262548362954,0.8102763514899691,0.7756611409852994
3,2.5,0,5,0.23321207877445524,0.22386185122365382,0.26575185192676476,0.7744764472286352,0.42360603442546685,0.8023133794304416,0.7744737442183183
3,2.5,4,0,0.08957090196003716,0.09046292630915884,0.085621333348744,0.3327246126388524,0.16616919160543342,0.7632907228847197,0.33272838430957946
3,2.5,4,1,0.20601368164856929,0.19370272662565505,0.23346846547484548,0.6754329188831517,0.36030100853075825,0.7946316517424148,0.675432839147053
3,2.5,4,2,0.2190783417461924,0.20821353960489017,0.24201222642483505,0.6962173113615984,0.396863499200091,0.7995298306851095,0.6962023091420778
3,2.5,4,3,0.0952826072509037,0.07703711944120982,0.18676335886685488,0.44812919518840966,0.1909273647883973,0.8017393326995704,0.44812919518840966
3,2.5,4,4,0.28370381500284614,0.26139400891698766,0.27026476460712956,0.7525750233808464,0.48719880605985305,0.8094947425602678,0.7525750233808464
3,2.5,4,5,0.23321207877445524,0.22386185122365382,0.26575185192676476,0.7127669052427996,0.40990090951732877,0.8027152603003344,0.7127564820462474
3,2.5,12,0,0.08957090196003716,0.09046292630915884,0.085621333348744,0.33279396056607174,0.17133537139186106,0.7618690903767229,0.3327587240642657
3,2.5,12,1,0.20601368164856929,0.19370272662565505,0.23346846547484548,0.631919020884321,0.36552064401108414,0.7983135932532172,0.6319189385287788
3,2.5,12,2,0.2190783417461924,0.20821353960489017,0.24201222642483505,0.6404040287293051,0.3750781368138288,0.795463826869047,0.640425372582683
3,2.5,12,3,0.0952826072509037,0.07703711944120982,0.18676335886685488,0.4377443430873119,0.19811835957478163,0.8049449887935676,0.4377443430873119
3,2.5,12,4,0.28370381500284614,0.26139400891698766,0.27026476460712956,0.6569663845554461,0.4692694773766835,0.8098937339331929,0.6569663845554461
3,2.5,12,5,0.23321207877445524,0.22386185122365382,0.26575185192676476,0.7031191156598215,0.41749571150491743,0.8012290956933975,0.7031195257564007
5,0.3,0,0,0.20176827582752785,0.048668279005974514,0.5932337131095514,0.5656891016842879,0.3047583754477517,0.770179765238003,0.5656891016842879
5,0.3,0,1,0.311346187742176,0.021564075076836543,0.6940838994339475,0.6902940833696929,0.4698972205928671,0.8026170174034403,0.6902940833696929
5,0.3,0,2,0.2928890442796147,-0.0047493698488696775,0.6750507829092034,0.634309357250663,0.4331168136939041,0.8050109656409916,0.634309357250663
5,0.3,0,3,0.22807907204768055,-0.021513268088491806,0.7521529160321814,0.6917304041539409,0.37647785730315547,0.8003660992657788,0.6917304041539409
5,0.3,0,4,0.27950489432628006,-0.004576963196477125,0.6736869403405562,0.6968688929277636,0.4407590515900421,0.8024142710328893,0.6968688929277636
5,0.3,0,5,0.1758998134348125,-0.06498382363281044,0.6122555124378397,0.5386443732343971,0.30970856533586066,0.7961339493740868,0.5386443732343971
5,0.3,4,0,0.20176827582752785,0.048668279005974514,0.5932337131095514,0.5554323506154147,0.3043023165097188,0.7643290154616983,0.5554323506154147
5,0.3,4,1,0.311346187742176,0.021564075076836543,0.6940838994339475,0.6861462104728855,0.4681827857254997,0.8022334366810083,0.6861462104728855
5,0.3,4,2,0.2928890442796147,-0.0047493698488696775,0.6750507829092034,0.6353498169503671,0.43293429380212534,0.8037680003621503,0.6353498169503671
5,0.3,4,3,0.22807907204768055,-0.021513268088491806,0.7521529160321814,0.6374095467053474,0.36962132179075613,0.7978512737384216,0.6374095467053474
5,0.3,4,4,0.27950489432628006,-0.004576963196477125,0.6736869403405562,0.6768218037588503,0.4381064933739019,0.8031734863610929,0.6768218037588503
5,0.3,4,5,0.1758998134348125,-0.06498382363281044,0.6122555124378397,0.5143699500020709,0.3059510153210761,0.79647804030463,0.5143699500020709
5,0.3,12,0,0.20176827582752785,0.048668279005974514,0.5932337131095514,0.5276457438191252,0.30781738957064964,0.762120958195721,0.5276457438191252
5,0.3,12,1,0.311346187742176,0.021564075076836543,0.6940838994339475,0.6452138372230779,0.4588800502387207,0.8040326301260879,0.6452138372230779
5,0.3,12,2,0.2928890442796147,-0.0047493698488696775,0.6750507829092034,0.602013208853804,0.4262836349486585,0.8021958732204311,0.602013208853804
5,0.3,12,3,0.22807907204768055,-0.021513268088491806,0.7521529160321814,0.5385535948713356,0.3623484579236268,0.803830606129779,0.5385535948713356
5,0.3,12,4,0.27950489432628006,-0.004576963196477125,0.6736869403405562,0.6303430410799785,0.42737947667357257,0.8005199649792967,0.6303430410799785
5,0.3,12,5,0.1758998134348125,-0.06498382363281044,0.6122555124378397,0.5107749341917066,0.30347519800277967,0.7971171007172695,0.5107749341917066
5,0.6,0,0,0.20176827582752785,0.12513785308448985,0.4070639050780983,0.5656891016842879,0.3047583754477517,0.770179765238003,0.5656891016842879
5,0.6,0,1,0.311346187742176,0.14426271113795133,0.5068962660957022,0.6902940833696929,0.4698972205928671,0.8026170174034403,0.6902940833696929
5,0.6,0,2,0.2928890442796147,0.13227442901132008,0.47424446878043003,0.634309357250663,0.4331168136939041,0.8050109656409916,0.634309357250663
5,0.6,0,3,0.22807907204768055,0.059417930099215706,0.5547961796997428,0.6917304041539409,0.37647785730315547,0.8003660992657788,0.6917304041539409
5,0.6,0,4,0.27950489432628006,0.12493606987959467,0.4754409613163778,0.6968688929277636,0.4407590515900421,0.8024142710328893,0.6968688929277636
5,0.6,0,5,0.1758998134348125,0.039177967007723635,0.39912573453420824,0.5386443732343971,0.30970856533586066,0.7961339493740868,0.5386443732343971
5,0.6,4,0,0.20176827582752785,0.12513785308448985,0.4070639050780983,0.5554323506154147,0.3043023165097188,0.7643290154616983,0.5554323506154147
5,0.6,4,1,0.311346187742176,0.14426271113795133,0.5068962660957022,0.6861462104728855,0.4681827857254997,0.8022334366810083,0.6861462104728855
5,0.6,4,2,0.2928890442796147,0.13227442901132008,0.47424446878043003,0.6353498169503671,0.43293429380212534,0.8037680003621503,0.6353498169503671
5,0.6,4,3,0.22807907204768055,0.059417930099215706,0.5547961796997428,0.6374095467053474,0.36962132179075613,0.7978512737384216,0.6374095467053474
5,0.6,4,4,0.27950489432628006,0.12493606987959467,0.4754409613163778,0.6768218037588503,0.4381064933739019,0.8031734863610929,0.6768218037588503
5,0.6,4,5,0.1758998134348125,0.039177967007723635,0.39912573453420824,0.5143699500020709,0.3059510153210761,0.79647804030463,0.5143699500020709
5,0.6,12,0,0.20176827582752785,0.12513785308448985,0.4070639050780983,0.5276457438191252,0.30781738957064964,0.762120958195721,0.5276457438191252
5,0.6,12,1,0.311346187742176,0.14426271113795133,0.5068962660957022,0.6452138372230779,0.4588800502387207,0.8040326301260879,0.6452138372230779
5,0.6,12,2,0.2928890442796147,0.13227442901132008,0.47424446878043003,0.602013208853804,0.4262836349486585,0.8021958732204311,0.602013208853804
5,0.6,12,3,0.22807907204768055,0.059417930099215706,0.5547961796997428,0.5385535948713356,0.3623484579236268,0.803830606129779,0.5385535948713356
5,0.6,12,4,0.27950489432628006,0.12493606987959467,0.4754409613163778,0.6303430410799785,0.42737947667357257,0.8005199649792967,0.6303430410799785
5,0.6,12,5,0.1758998134348125,0.039177967007723635,0.39912573453420824,0.5107749341917066,0.30347519800277967,0.7971171007172695,0.5107749341917066
5,1.2,0,0,0.20176827582752785,0.17291207357044547,0.2854025984283063,0.5656891016842879,0.3047583754477517,0.770179765238003,0.5656891016842879
5,1.2,0,1,0.311346187742176,0.24521836410166023,0.3862571189981536,0.6902940833696929,0.4698972205928671,0.8026170174034403,0.6902940833696929
5,1.2,0,2,0.2928890442796147,0.23422936634294672,0.3425337324691811,0.634309357250663,0.4331168136939041,0.8050109656409916,0.634309357250663
5,1.2,0,3,0.22807907204768055,0.13795927350340914,0.3820413429226106,0.6917304041539409,0.37647785730315547,0.8003660992657788,0.6917304041539409
5,1.2,0,4,0.27950489432628006,0.2237792597686669,0.34928817242206306,0.6968688929277636,0.4407590515900421,0.8024142710328893,0.6968688929277636
5,1.2,0,5,0.1758998134348125,0.12664231783888744,0.254204699670501,0.5386443732343971,0.30970856533586066,0.7961339493740868,0.5386443732343971
5,1.2,4,0,0.20176827582752785,0.17291207357044547,0.2854025984283063,0.5554323506154147,0.3043023165097188,0.7643290154616983,0.5554323506154147
5,1.2,4,1,0.311346187742176,0.24521836410166023,0.3862571189981536,0.6861462104728855,0.4681827857254997,0.8022334366810083,0.6861462104728855
5,1.2,4,2,0.2928890442796147,0.23422936634294672,0.3425337324691811,0.6353498169503671,0.43293429380212534,0.8037680003621503,0.6353498169503671
5,1.2,4,3,0.22807907204768055,0.13795927350340914,0.3820413429226106,0.6374095467053474,0.36962132179075613,0.7978512737384216,0.6374095467053474
5,1.2,4,4,0.27950489432628006,0.2237792597686669,0.34928817242206306,0.6768218037588503,0.4381064933739019,0.8031734863610929,0.6768218037588503
5,1.2,4,5,0.1758998134348125,0.12664231783888744,0.254204699670501,0.5143699500020709,0.3059510153210761,0.79647804030463,0.5143699500020709
5,1.2,12,0,0.20176827582752785,0.17291207357044547,0.2854025984283063,0.5276457438191252,0.30781738957064964,0.762120958195721,0.5276457438191252
5,1.2,12,1,0.311346187742176,0.24521836410166023,0.3862571189981536,0.6452138372230779,0.4588800502387207,0.8040326301260879,0.6452138372230779
5,1.2,12,2,0.2928890442796147,0.23422936634294672,0.3425337324691811,0.602013208853804,0.4262836349486585,0.8021958732204311,0.602013208853804
5,1.2,12,3,0.22807907204768055,0.13795927350340914,0.3820413429226106,0.5385535948713356,0.3623484579236268,0.803830606129779,0.5385535948713356
5,1.2,12,4,0.27950489432628006,0.2237792597686669,0.34928817242206306,0.6303430410799785,0.42737947667357257,0.8005199649792967,0.6303430410799785
5,1.2,12,5,0.1758998134348125,0.12664231783888744,0.254204699670501,0.5107749341917066,0.30347519800277967,0.7971171007172695,0.5107749341917066
5,2.5,0,0,0.20176827582752785,0.194349973946369,0.23069310363758774,0.5656891016842879,0.3047583754477517,0.770179765238003,0.5656891016842879
5,2.5,0,1,0.311346187742176,0.29004409372372364,0.33330708706921214,0.6902940833696929,0.4698972205928671,0.8026170174034403,0.6902940833696929
5,2.5,0,2,0.2928890442796147,0.2793255047228828,0.2937253128602842,0.634309357250663,0.4331168136939041,0.8050109656409916,0.634309357250663
5,2.5,0,3,0.22807907204768055,0.1820002639073897,0.2626085608089821,0.6917304041539409,0.37647785730315547,0.8003660992657788,0.6917304041539409
5,2.5,0,4,0.27950489432628006,0.265701285729834,0.2982753074183982,0.6968688929277636,0.4407590515900421,0.8024142710328893,0.6968688929277636
5,2.5,0,5,0.1758998134348125,0.1632948644970397,0.19487658476869096,0.5386443732343971,0.30970856533586066,0.7961339493740868,0.5386443732343971
5,2.5,4,0,0.20176827582752785,0.194349973946369,0.23069310363758774,0.5554323506154147,0.3043023165097188,0.7643290154616983,0.5554323506154147
5,2.5,4,1,0.311346187742176,0.29004409372372364,0.33330708706921214,0.6861462104728855,0.4681827857254997,0.8022334366810083,0.6861462104728855
5,2.5,4,2,0.2928890442796147,0.2793255047228828,0.2937253128602842,0.6353498169503671,0.43293429380212534,0.8037680003621503,0.6353498169503671
5,2.5,4,3,0.22807907204768055,0.1820002639073897,0.2626085608089821,0.6374095467053474,0.36962132179075613,0.7978512737384216,0.6374095467053474
5,2.5,4,4,0.27950489432628006,0.265701285729834,0.2982753074183982,0.6768218037588503,0.4381064933739019,0.8031734863610929,0.6768218037588503
5,2.5,4,5,0.1758998134348125,0.1632948644970397,0.19487658476869096,0.5143699500020709,0.3059510153210761,0.79647804030463,0.5143699500020709
5,2.5,12,0,0.20176827582752785,0.194349973946369,0.23069310363758774,0.5276457438191252,0.30781738957064964,0.762120958195721,0.5276457438191252
5,2.5,12,1,0.311346187742176,0.29004409372372364,0.33330708706921214,0.6452138372230779,0.4588800502387207,0.8040326301260879,0.6452138372230779
5,2.5,12,2,0.2928890442796147,0.2793255047228828,0.2937253128602842,0.602013208853804,0.4262836349486585,0.8021958732204311,0.602013208853804
5,2.5,12,3,0.22807907204768055,0.1820002639073897,0.2626085608089821,0.5385535948713356,0.3623484579236268,0.803830606129779,0.5385535948713356
5,2.5,12,4,0.27950489432628006,0.265701285729834,0.2982753074183982,0.6303430410799785,0.42737947667357257,0.8005199649792967,0.6303430410799785
5,2.5,12,5,0.1758998134348125,0.1632948644970397,0.19487658476869096,0.5107749341917066,0.30347519800277967,0.7971171007172695,0.5107749341917066
10,0.3,0,0,0.32040668706651526,0.05932040957656348,0.6417522198560452,0.6913463418486809,0.4941815162731653,0.7733827726264468,0.6913463418486809
10,0.3,0,1,0.44022329069398974,0.1010914593211801,0.7275161017218511,0.7591705410005173,0.6025227234857351,0.8129358926571141,0.7591705410005173
10,0.3,0,2,0.47692279167786344,0.09972544962980728,0.7493917608883471,0.779505135117694,0.637510197516381,0.8271175437734711,0.779505135117694
10,0.3,0,3,0.3164550591720821,0.04384233748746681,0.7353538622461218,0.7652264450615127,0.5071789552156866,0.8000528296362219,0.7652264450615127
10,0.3,0,4,0.42553694077398074,0.053949557088273176,0.7299158289533375,0.7671961188276734,0.5940938200402025,0.8073141355154816,0.7671961188276734
10,0.3,0,5,0.3635285766434255,0.05599050511296489,0.7218878432120419,0.7604669619732568,0.5447282090994112,0.8159602328164024,0.7604669619732568
10,0.3,4,0,0.32040668706651526,0.05932040957656348,0.6417522198560452,0.674636380885785,0.48569747159383697,0.7741944804828929,0.674636380885785
10,0.3,4,1,0.44022329069398974,0.1010914593211801,0.7275161017218511,0.7593537832665379,0.60028071463039,0.8129291504975232,0.7593537832665379
10,0.3,4,2,0.47692279167786344,0.09972544962980728,0.7493917608883471,0.7802002999297853,0.6380724454679685,0.8272215656643002,0.7802002999297853
10,0.3,4,3,0.3164550591720821,0.04384233748746681,0.7353538622461218,0.755997391747404,0.505614051816386,0.7994515734755737,0.755997391747404
10,0.3,4,4,0.42553694077398074,0.053949557088273176,0.7299158289533375,0.7621698388527542,0.592364696896584,0.80658790861099,0.7621698388527542
10,0.3,4,5,0.3635285766434255,0.05599050511296489,0.7218878432120419,0.7607470023876877,0.5483092590077661,0.8149257929020471,0.7607470023876877
10,0.3,12,0,0.32040668706651526,0.05932040957656348,0.6417522198560452,0.6435757332339348,0.4785264624948109,0.7685476810342088,0.6435757332339348
10,0.3,12,1,0.44022329069398974,0.1010914593211801,0.7275161017218511,0.7238929133160542,0.5884142729592206,0.812266974109144,0.7238929133160542
10,0.3,12,2,0.47692279167786344,0.09972544962980728,0.7493917608883471,0.7471138741123226,0.6215510241822002,0.8230277016074272,0.7471138741123226
10,0.3,12,3,0.3164550591720821,0.04384233748746681,0.7353538622461218,0.7204652475383894,0.4967228288560578,0.7979813011019579,0.7204652475383894
10,0.3,12,4,0.42553694077398074,0.053949557088273176,0.7299158289533375,0.7667415046381243,0.5934400713513118,0.8048628789214086,0.7667415046381243
10,0.3,12,5,0.3635285766434255,0.05599050511296489,0.7218878432120419,0.7285950880477886,0.5358338558507016,0.8138032233301838,0.7285950880477886
10,0.6,0,0,0.32040668706651526,0.19263818778455524,0.46330724117571703,0.6913463418486809,0.4941815162731653,0.7733827726264468,0.6913463418486809
10,0.6,0,1,0.44022329069398974,0.26616721711583896,0.581098548220407,0.7591705410005173,0.6025227234857351,0.8129358926571141,0.7591705410005173
10,0.6,0,2,0.47692279167786344,0.2816178389837447,0.5872782190681758,0.779505135117694,0.637510197516381,0.8271175437734711,0.779505135117694
10,0.6,0,3,0.3164550591720821,0.16512391607745008,0.5329886645033967,0.7652264450615127,0.5071789552156866,0.8000528296362219,0.7652264450615127
10,0.6,0,4,0.42553694077398074,0.22131235173268687,0.5670033412216601,0.7671961188276734,0.5940938200402025,0.8073141355154816,0.7671961188276734
10,0.6,0,5,0.3635285766434255,0.2039707948909841,0.5247408362011591,0.7604669619732568,0.5447282090994112,0.8159602328164024,0.7604669619732568
10,0.6,4,0,0.32040668706651526,0.19263818778455524,0.46330724117571703,0.674636380885785,0.48569747159383697,0.7741944804828929,0.674636380885785
10,0.6,4,1,0.44022329069398974,0.26616721711583896,0.581098548220407,0.7593537832665379,0.60028071463039,0.8129291504975232,0.7593537832665379
10,0.6,4,2,0.47692279167786344,0.2816178389837447,0.5872782190681758,0.7802002999297853,0.6380724454679685,0.8272215656643002,0.7802002999297853
10,0.6,4,3,0.3164550591720821,0.16512391607745008,0.5329886645033967,0.755997391747404,0.505614051816386,0.7994515734755737,0.755997391747404
10,0.6,4,4,0.42553694077398074,0.22131235173268687,0.5670033412216601,0.7621698388527542,0.592364696896584,0.80658790861099,0.7621698388527542
10,0.6,4,5,0.3635285766434255,0.2039707948909841,0.5247408362011591,0.7607470023876877,0.5483092590077661,0.8149257929020471,0.7607470023876877
10,0.6,12,0,0.32040668706651526,0.19263818778455524,0.46330724117571703,0.6435757332339348,0.4785264624948109,0.7685476810342088,0.6435757332339348
10,0.6,12,1,0.44022329069398974,0.26616721711583896,0.581098548220407,0.7238929133160542,0.5884142729592206,0.812266974109144,0.7238929133160542
10,0.6,12,2,0.47692279167786344,0.2816178389837447,0.5872782190681758,0.7471138741123226,0.6215510241822002,0.8230277016074272,0.7471138741123226
10,0.6,12,3,0.3164550591720821,0.16512391607745008,0.5329886645033967,0.7204652475383894,0.4967228288560578,0.7979813011019579,0.7204652475383894
10,0.6,12,4,0.42553694077398074,0.22131235173268687,0.5670033412216601,0.7667415046381243,0.5934400713513118,0.8048628789214086,0.7667415046381243
10,0.6,12,5,0.3635285766434255,0.2039707948909841,0.5247408362011591,0.7285950880477886,0.5358338558507016,0.8138032233301838,0.7285950880477886
10,1.2,0,0,0.32040668706651526,0.27544129842435733,0.36971715677351064,0.6913463418486809,0.4941815162731653,0.7733827726264468,0.6913463418486809
10,1.2,0,1,0.44022329069398974,0.38129127766813736,0.4898388431224675,0.7591705410005173,0.6025227234857351,0.8129358926571141,0.7591705410005173
10,1.2,0,2,0.47692279167786344,0.40609929467379025,0.5058733841692167,0.779505135117694,0.637510197516381,0.8271175437734711,0.779505135117694
10,1.2,0,3,0.3164550591720821,0.25474166452362307,0.40140867792992585,0.7652264450615127,0.5071789552156866,0.8000528296362219,0.7652264450615127
10,1.2,0,4,0.42553694077398074,0.3501940297213658,0.4717426459894264,0.7671961188276734,0.5940938200402025,0.8073141355154816,0.7671961188276734
10,1.2,0,5,0.3635285766434255,0.3130367842595616,0.4130646679052977,0.7604669619732568,0.5447282090994112,0.8159602328164024,0.7604669619732568
10,1.2,4,0,0.32040668706651526,0.27544129842435733,0.36971715677351064,0.674636380885785,0.48569747159383697,0.7741944804828929,0.674636380885785
10,1.2,4,1,0.44022329069398974,0.38129127766813736,0.4898388431224675,0.7593537832665379,0.60028071463039,0.8129291504975232,0.7593537832665379
10,1.2,4,2,0.47692279167786344,0.40609929467379025,0.5058733841692167,0.7802002999297853,0.6380724454679685,0.8272215656643002,0.7802002999297853
10,1.2,4,3,0.3164550591720821,0.25474166452362307,0.40140867792992585,0.755997391747404,0.505614051816386,0.7994515734755737,0.755997391747404
10,1.2,4,4,0.42553694077398074,0.3501940297213658,0.4717426459894264,0.7621698388527542,0.592364696896584,0.80658790861099,0.7621698388527542
10,1.2,4,5,0.3635285766434255,0.3130367842595616,0.4130646679052977,0.7607470023876877,0.5483092590077661,0.8149257929020471,0.7607470023876877
10,1.2,12,0,0.32040668706651526,0.27544129842435733,0.36971715677351064,0.6435757332339348,0.4785264624948109,0.7685476810342088,0.6435757332339348
10,1.2,12,1,0.44022329069398974,0.38129127766813736,0.4898388431224675,0.7238929133160542,0.5884142729592206,0.812266974109144,0.7238929133160542
10,1.2,12,2,0.47692279167786344,0.40609929467379025,0.5058733841692167,0.7471138741123226,0.6215510241822002,0.8230277016074272,0.7471138741123226
10,1.2,12,3,0.3164550591720821,0.25474166452362307,0.40140867792992585,0.7204652475383894,0.4967228288560578,0.7979813011019579,0.7204652475383894
10,1.2,12,4,0.42553694077398074,0.3501940297213658,0.4717426459894264,0.7667415046381243,0.5934400713513118,0.8048628789214086,0.7667415046381243
10,1.2,12,5,0.3635285766434255,0.3130367842595616,0.4130646679052977,0.7285950880477886,0.5358338558507016,0.8138032233301838,0.7285950880477886
10,2.5,0,0,0.32040668706651526,0.3076134392430289,0.33385344278747847,0.6913463418486809,0.4941815162731653,0.7733827726264468,0.6913463418486809
10,2.5,0,1,0.44022329069398974,0.4257459477212946,0.4500039971374717,0.7591705410005173,0.6025227234857351,0.8129358926571141,0.7591705410005173
10,2.5,0,2,0.47692279167786344,0.459634690530059,0.4797670198595127,0.779505135117694,0.637510197516381,0.8271175437734711,0.779505135117694
10,2.5,0,3,0.3164550591720821,0.2977616993324299,0.3447940414719868,0.7652264450615127,0.5071789552156866,0.8000528296362219,0.7652264450615127
10,2.5,0,4,0.42553694077398074,0.40563432645344105,0.4372581852225346,0.7671961188276734,0.5940938200402025,0.8073141355154816,0.7671961188276734
10,2.5,0,5,0.3635285766434255,0.3540163526265046,0.37233287390331554,0.7604669619732568,0.5447282090994112,0.8159602328164024,0.7604669619732568
10,2.5,4,0,0.32040668706651526,0.3076134392430289,0.33385344278747847,0.674636380885785,0.48569747159383697,0.7741944804828929,0.674636380885785
10,2.5,4,1,0.44022329069398974,0.4257459477212946,0.4500039971374717,0.7593537832665379,0.60028071463039,0.8129291504975232,0.7593537832665379
10,2.5,4,2,0.47692279167786344,0.459634690530059,0.4797670198595127,0.7802002999297853,0.6380724454679685,0.8272215656643002,0.7802002999297853
10,2.5,4,3,0.3164550591720821,0.2977616993324299,0.3447940414719868,0.755997391747404,0.505614051816386,0.7994515734755737,0.755997391747404
10,2.5,4,4,0.42553694077398074,0.40563432645344105,0.4372581852225346,0.7621698388527542,0.592364696896584,0.80658790861099,0.7621698388527542
10,2.5,4,5,0.3635285766434255,0.3540163526265046,0.37233287390331554,0.7607470023876877,0.5483092590077661,0.8149257929020471,0.7607470023876877
10,2.5,12,0,0.32040668706651526,0.3076134392430289,0.33385344278747847,0.6435757332339348,0.4785264624948109,0.7685476810342088,0.6435757332339348
10,2.5,12,1,0.44022329069398974,0.4257459477212946,0.4500039971374717,0.7238929133160542,0.5884142729592206,0.812266974109144,0.7238929133160542
10,2.5,12,2,0.47692279167786344,0.459634690530059,0.4797670198595127,0.7471138741123226,0.6215510241822002,0.8230277016074272,0.7471138741123226
10,2.5,12,3,0.3164550591720821,0.2977616993324299,0.3447940414719868,0.7204652475383894,0.4967228288560578,0.7979813011019579,0.7204652475383894
10,2.5,12,4,0.42553694077398074,0.40563432645344105,0.4372581852225346,0.7667415046381243,0.5934400713513118,0.8048628789214086,0.7667415046381243
10,2.5,12,5,0.3635285766434255,0.3540163526265046,0.37233287390331554,0.7285950880477886,0.5358338558507016,0.8138032233301838,0.7285950880477886
20,0.3,0,0,0.5236322325313053,0.17538933563722559,0.7164423453854252,0.7462547303473273,0.6622315296130098,0.8099821043821148,0.7462547303473273
20,0.3,0,1,0.5315299501176507,0.09383521006161372,0.7531892822778482,0.7814827550005153,0.6890915710483962,0.821438719066731,0.7814827550005153
20,0.3,0,2,0.544110097539786,0.11936849080610223,0.7503209749548034,0.7678691308296806,0.6803245964576694,0.825550954834273,0.7678691308296806
20,0.3,0,3,0.5065406171772889,0.09781067630602854,0.7359074417068067,0.7609052023466568,0.6510118536797264,0.8198726117103606,0.7609052023466568
20,0.3,0,4,0.5547829361719752,0.11564922662613665,0.7646697353124462,0.787532157693334,0.6925698030229918,0.8229294587105331,0.787532157693334
20,0.3,0,5,0.534313739654397,0.1448555395991112,0.752768619677667,0.7926980966883476,0.6861753462339741,0.8270185785023353,0.7926980966883476
20,0.3,4,0,0.5236322325313053,0.17538933563722559,0.7164423453854252,0.7448039620782418,0.6612962957612042,0.8100280955421804,0.7448039620782418
20,0.3,4,1,0.5315299501176507,0.09383521006161372,0.7531892822778482,0.7809612007978863,0.6896709151903745,0.8198410680351325,0.7809612007978863
20,0.3,4,2,0.544110097539786,0.11936849080610223,0.7503209749548034,0.7462424499852155,0.670097221941299,0.8250399954538582,0.7462424499852155
20,0.3,4,3,0.5065406171772889,0.09781067630602854,0.7359074417068067,0.7600629139806384,0.6502839412353372,0.8191406058119343,0.7600629139806384
20,0.3,4,4,0.5547829361719752,0.11564922662613665,0.7646697353124462,0.7843578044831508,0.6934778274450201,0.8233876847712917,0.7843578044831508
20,0.3,4,5,0.534313739654397,0.1448555395991112,0.752768619677667,0.7843691216796068,0.6839660850109271,0.8258620573411043,0.7843691216796068
20,0.3,12,0,0.5236322325313053,0.17538933563722559,0.7164423453854252,0.7461653967327494,0.6611696394774634,0.8073584411356495,0.7461653967327494
20,0.3,12,1,0.5315299501176507,0.09383521006161372,0.7531892822778482,0.7707619988769489,0.6843588158070896,0.8204774797422184,0.7707619988769489
20,0.3,12,2,0.544110097539786,0.11936849080610223,0.7503209749548034,0.7579381705438899,0.6784538879626446,0.8245218123310246,0.7579381705438899
20,0.3,12,3,0.5065406171772889,0.09781067630602854,0.7359074417068067,0.743252061415295,0.6411885271559741,0.8198591273911792,0.743252061415295
20,0.3,12,4,0.5547829361719752,0.11564922662613665,0.7646697353124462,0.7782763765322761,0.6905209088816394,0.8258403861138481,0.7782763765322761
20,0.3,12,5,0.534313739654397,0.1448555395991112,0.752768619677667,0.7856262936518715,0.6875341321829282,0.8264587384648874,0.7856262936518715
20,0.6,0,0,0.5236322325313053,0.35175580283228497,0.6019980389947248,0.7462547303473273,0.6622315296130098,0.8099821043821148,0.7462547303473273
20,0.6,0,1,0.5315299501176507,0.28145747190204995,0.6327054456423015,0.7814827550005153,0.6890915710483962,0.821438719066731,0.7814827550005153
20,0.6,0,2,0.544110097539786,0.3180093677491686,0.6183865434199893,0.7678691308296806,0.6803245964576694,0.825550954834273,0.7678691308296806
20,0.6,0,3,0.5065406171772889,0.2709700426586069,0.6135719190979376,0.7609052023466568,0.6510118536797264,0.8198726117103606,0.7609052023466568
20,0.6,0,4,0.5547829361719752,0.31378107052009985,0.6417387355368638,0.787532157693334,0.6925698030229918,0.8229294587105331,0.787532157693334
20,0.6,0,5,0.534313739654397,0.3490750720207119,0.6168625745610613,0.7926980966883476,0.6861753462339741,0.8270185785023353,0.7926980966883476
20,0.6,4,0,0.5236322325313053,0.35175580283228497,0.6019980389947248,0.7448039620782418,0.6612962957612042,0.8100280955421804,0.7448039620782418
20,0.6,4,1,0.5315299501176507,0.28145747190204995,0.6327054456423015,0.7809612007978863,0.6896709151903745,0.8198410680351325,0.7809612007978863
20,0.6,4,2,0.544110097539786,0.3180093677491686,0.6183865434199893,0.7462424499852155,0.670097221941299,0.8250399954538582,0.7462424499852155
20,0.6,4,3,0.5065406171772889,0.2709700426586069,0.6135719190979376,0.7600629139806384,0.6502839412353372,0.8191406058119343,0.7600629139806384
20,0.6,4,4,0.5547829361719752,0.31378107052009985,0.6417387355368638,0.7843578044831508,0.6934778274450201,0.8233876847712917,0.7843578044831508
20,0.6,4,5,0.534313739654397,0.3490750720207119,0.6168625745610613,0.7843691216796068,0.6839660850109271,0.8258620573411043,0.7843691216796068
20,0.6,12,0,0.5236322325313053,0.35175580283228497,0.6019980389947248,0.7461653967327494,0.6611696394774634,0.8073584411356495,0.7461653967327494
20,0.6,12,1,0.5315299501176507,0.28145747190204995,0.6327054456423015,0.7707619988769489,0.6843588158070896,0.8204774797422184,0.7707619988769489
20,0.6,12,2,0.544110097539786,0.3180093677491686,0.6183865434199893,0.7579381705438899,0.6784538879626446,0.8245218123310246,0.7579381705438899
20,0.6,12,3,0.5065406171772889,0.2709700426586069,0.6135719190979376,0.743252061415295,0.6411885271559741,0.8198591273911792,0.743252061415295
20,0.6,12,4,0.5547829361719752,0.31378107052009985,0.6417387355368638,0.7782763765322761,0.6905209088816394,0.8258403861138481,0.7782763765322761
20,0.6,12,5,0.534313739654397,0.3490750720207119,0.6168625745610613,0.7856262936518715,0.6875341321829282,0.8264587384648874,0.7856262936518715
20,1.2,0,0,0.5236322325313053,0.46576572151220863,0.548232687338128,0.7462547303473273,0.6622315296130098,0.8099821043821148,0.7462547303473273
20,1.2,0,1,0.5315299501176507,0.4369699579000292,0.5662881907222105,0.7814827550005153,0.6890915710483962,0.821438719066731,0.7814827550005153
20,1.2,0,2,0.544110097539786,0.45616031121808676,0.5617581818514549,0.7678691308296806,0.6803245964576694,0.825550954834273,0.7678691308296806
20,1.2,0,3,0.5065406171772889,0.39923601700180017,0.5498910178060434,0.7609052023466568,0.6510118536797264,0.8198726117103606,0.7609052023466568
20,1.2,0,4,0.5547829361719752,0.4680245857665306,0.5805950533738248,0.787532157693334,0.6925698030229918,0.8229294587105331,0.787532157693334
20,1.2,0,5,0.534313739654397,0.4787118718835571,0.555091149181839,0.7926980966883476,0.6861753462339741,0.8270185785023353,0.7926980966883476
20,1.2,4,0,0.5236322325313053,0.46576572151220863,0.548232687338128,0.7448039620782418,0.6612962957612042,0.8100280955421804,0.7448039620782418
20,1.2,4,1,0.5315299501176507,0.4369699579000292,0.5662881907222105,0.7809612007978863,0.6896709151903745,0.8198410680351325,0.7809612007978863
20,1.2,4,2,0.544110097539786,0.45616031121808676,0.5617581818514549,0.7462424499852155,0.670097221941299,0.8250399954538582,0.7462424499852155
20,1.2,4,3,0.5065406171772889,0.39923601700180017,0.5498910178060434,0.7600629139806384,0.6502839412353372,0.8191406058119343,0.7600629139806384
20,1.2,4,4,0.5547829361719752,0.4680245857665306,0.5805950533738248,0.7843578044831508,0.6934778274450201,0.8233876847712917,0.7843578044831508
20,1.2,4,5,0.534313739654397,0.4787118718835571,0.555091149181839,0.7843691216796068,0.6839660850109271,0.8258620573411043,0.7843691216796068
20,1.2,12,0,0.5236322325313053,0.46576572151220863,0.548232687338128,0.7461653967327494,0.6611696394774634,0.8073584411356495,0.7461653967327494
20,1.2,12,1,0.5315299501176507,0.4369699579000292,0.5662881907222105,0.7707619988769489,0.6843588158070896,0.8204774797422184,0.7707619988769489
20,1.2,12,2,0.544110097539786,0.45616031121808676,0.5617581818514549,0.7579381705438899,0.6784538879626446,0.8245218123310246,0.7579381705438899
20,1.2,12,3,0.5065406171772889,0.39923601700180017,0.5498910178060434,0.743252061415295,0.6411885271559741,0.8198591273911792,0.743252061415295
20,1.2,12,4,0.5547829361719752,0.4680245857665306,0.5805950533738248,0.7782763765322761,0.6905209088816394,0.8258403861138481,0.7782763765322761
20,1.2,12,5,0.534313739654397,0.4787118718835571,0.555091149181839,0.7856262936518715,0.6875341321829282,0.8264587384648874,0.7856262936518715
20,2.5,0,0,0.5236322325313053,0.5072285582469616,0.5310849675846598,0.7462547303473273,0.6622315296130098,0.8099821043821148,0.7462547303473273
20,2.5,0,1,0.5315299501176507,0.5114501133164394,0.5396874816396546,0.7814827550005153,0.6890915710483962,0.821438719066731,0.7814827550005153
20,2.5,0,2,0.544110097539786,0.5187400733739597,0.5444821202743481,0.7678691308296806,0.6803245964576694,0.825550954834273,0.7678691308296806
20,2.5,0,3,0.5065406171772889,0.4653074954514502,0.5205110942236066,0.7609052023466568,0.6510118536797264,0.8198726117103606,0.7609052023466568
20,2.5,0,4,0.5547829361719752,0.5311454062295629,0.5607504697840486,0.787532157693334,0.6925698030229918,0.8229294587105331,0.787532157693334
20,2.5,0,5,0.534313739654397,0.5247210913052147,0.5381196887433867,0.7926980966883476,0.6861753462339741,0.8270185785023353,0.7926980966883476
20,2.5,4,0,0.5236322325313053,0.5072285582469616,0.5310849675846598,0.7448039620782418,0.6612962957612042,0.8100280955421804,0.7448039620782418
20,2.5,4,1,0.5315299501176507,0.5114501133164394,0.5396874816396546,0.7809612007978863,0.6896709151903745,0.8198410680351325,0.7809612007978863
20,2.5,4,2,0.544110097539786,0.5187400733739597,0.5444821202743481,0.7462424499852155,0.670097221941299,0.8250399954538582,0.7462424499852155
20,2.5,4,3,0.5065406171772889,0.4653074954514502,0.5205110942236066,0.7600629139806384,0.6502839412353372,0.8191406058119343,0.7600629139806384
20,2.5,4,4,0.5547829361719752,0.5311454062295629,0.5607504697840486,0.7843578044831508,0.6934778274450201,0.8233876847712917,0.7843578044831508
20,2.5,4,5,0.534313739654397,0.5247210913052147,0.5381196887433867,0.7843691216796068,0.6839660850109271,0.8258620573411043,0.7843691216796068
20,2.5,12,0,0.5236322325313053,0.5072285582469616,0.5310849675846598,0.7461653967327494,0.6611696394774634,0.8073584411356495,0.7461653967327494
20,2.5,12,1,0.5315299501176507,0.5114501133164394,0.5396874816396546,0.7707619988769489,0.6843588158070896,0.8204774797422184,0.7707619988769489
20,2.5,12,2,0.544110097539786,0.5187400733739597,0.5444821202743481,0.7579381705438899,0.6784538879626446,0.8245218123310246,0.7579381705438899
20,2.5,12,3,0.5065406171772889,0.4653074954514502,0.5205110942236066,0.743252061415295,0.6411885271559741,0.8198591273911792,0.743252061415295
20,2.5,12,4,0.5547829361719752,0.5311454062295629,0.5607504697840486,0.7782763765322761,0.6905209088816394,0.8258403861138481,0.7782763765322761
20,2.5,12,5,0.534313739654397,0.5247210913052147,0.5381196887433867,0.7856262936518715,0.6875341321829282,0.8264587384648874,0.7856262936518715
