probe_opp,estimator,rho,ci_lo,ci_hi,n_valid,n_sub,rep
condor_Attack,A0,0.32261234594513055,0.005091764101999421,0.5678601357234516,48,50,0
condor_Attack,A,0.32261234594513055,-0.019608718774036298,0.5983001510413125,48,50,0
condor_Attack,EB7,0.2623602254242229,-0.11089117759807536,0.5297120696862841,48,50,0
condor_Attack,EB8_dur,0.2360644397325012,-0.07768172360369936,0.5335470613190939,48,50,0
condor_Attack,EB8_ttk,0.337444472998519,-0.012492005370527678,0.5814593480045864,48,50,0
condor_Attack,EB8_aft,0.21167020879121398,-0.10510128138616603,0.4918733265706068,48,50,0
condor_Attack,EB9_ttk_dur,0.24144312316944427,-0.04689730808626663,0.5279470686265488,48,50,0
condor_Attack,EB9_ttk_aft,0.2504619257000761,-0.06699568982360891,0.5562581817537745,48,50,0
sunder_Support,A0,0.007217584078016189,-0.33245880780588083,0.35048233529260686,42,50,0
sunder_Support,A,0.03446599138378517,-0.27236207998018896,0.3165492454800085,42,50,0
sunder_Support,EB7,0.03657449909196967,-0.33618668868301627,0.3779501511256989,42,50,0
sunder_Support,EB8_dur,0.042900022216523184,-0.3336168372238238,0.37887436596010704,42,50,0
sunder_Support,EB8_ttk,0.04646826603037389,-0.2467757330794072,0.34521928495495313,42,50,0
sunder_Support,EB8_aft,0.03738546359511757,-0.3065162759454252,0.37308703374032615,42,50,0
sunder_Support,EB9_ttk_dur,0.03251967657623025,-0.30065889600797635,0.3579902109134856,42,50,0
sunder_Support,EB9_ttk_aft,0.03397941268189644,-0.2828839789562013,0.40329396050721805,42,50,0
mule_Fighter_Support,A0,0.39304450842601785,0.04478518921074718,0.66836687100154,42,50,0
mule_Fighter_Support,A,0.37744680076356485,0.0915590332964676,0.6521613667512247,42,50,0
mule_Fighter_Support,EB7,0.3531640058799732,0.014982851783439052,0.6429524821427851,42,50,0
mule_Fighter_Support,EB8_dur,0.3368573115055905,-0.006314467258353053,0.6319982742005811,42,50,0
mule_Fighter_Support,EB8_ttk,0.27163053400805975,-0.02051605937619293,0.5493690952309644,42,50,0
mule_Fighter_Support,EB8_aft,0.34997356567628973,0.02469022788207649,0.6550000593208812,42,50,0
mule_Fighter_Support,EB9_ttk_dur,0.2631226934649036,-0.031566241225338486,0.5370056428543766,42,50,0
mule_Fighter_Support,EB9_ttk_aft,0.2664903803465695,-0.1438181860189755,0.5294629235151267,42,50,0
mule_Starting,A0,0.09067053633784836,-0.28972919300888383,0.3970035492568857,35,50,0
mule_Starting,A,0.0837213346477213,-0.2178035935369295,0.37509643402107895,35,50,0
mule_Starting,EB7,-0.04665892563371029,-0.3527456652898992,0.27479698038028555,35,50,0
mule_Starting,EB8_dur,-0.07180841746464633,-0.43023435576272023,0.29199622713448126,35,50,0
mule_Starting,EB8_ttk,-0.07941944788716646,-0.37491319588606414,0.31692253955000704,35,50,0
mule_Starting,EB8_aft,-0.05029898366187208,-0.3979428587353602,0.3188655030934966,35,50,0
mule_Starting,EB9_ttk_dur,-0.12111465802792883,-0.46534504191597514,0.33543036368319185,35,50,0
mule_Starting,EB9_ttk_aft,-0.10291436788711986,-0.41900159591056946,0.2481385641973619,35,50,0
condor_Strike,A0,-0.01623222202235623,-0.38685259733761385,0.34657534211107077,34,50,0
condor_Strike,A,-0.04890213723190864,-0.3359846565191939,0.266309758900143,34,50,0
condor_Strike,EB7,0.03020426123147299,-0.35502806035602125,0.32653393455323604,34,50,0
condor_Strike,EB8_dur,-0.08301035059534072,-0.37170955249111265,0.26842320103880657,34,50,0
condor_Strike,EB8_ttk,0.09431126466153811,-0.2467385457536896,0.4406383490333731,34,50,0
condor_Strike,EB8_aft,-0.028149549583073464,-0.3297433712676141,0.3400510640011502,34,50,0
condor_Strike,EB9_ttk_dur,0.0589702243090663,-0.25755174096952416,0.3906611240417769,34,50,0
condor_Strike,EB9_ttk_aft,0.10273558241997616,-0.3130962763097613,0.4834458623533386,34,50,0
scintilla_Support,A0,0.017094017094017096,-0.4431672572608828,0.4874034510813141,27,50,0
scintilla_Support,A,0.01587301587301587,-0.37678516702421083,0.46665661764705896,27,50,0
scintilla_Support,EB7,0.09462759462759461,-0.3162921716759352,0.5169736034376918,27,50,0
scintilla_Support,EB8_dur,0.12515262515262515,-0.3689388191562492,0.45340881185469717,27,50,0
scintilla_Support,EB8_ttk,0.18986568986568983,-0.20238673162060258,0.5170828574478408,27,50,0
scintilla_Support,EB8_aft,0.08485958485958486,-0.27470473237272297,0.4928251321467187,27,50,0
scintilla_Support,EB9_ttk_dur,0.19108669108669107,-0.27374144564949104,0.5066425601712905,27,50,0
scintilla_Support,EB9_ttk_aft,0.1746031746031746,-0.228260035601232,0.499601410478429,27,50,0
medusa_Attack,A0,0.05709444010739468,-0.38582489962300504,0.43494813734375276,22,50,0
medusa_Attack,A,0.0830978484731388,-0.40109711001350845,0.4796432295597534,22,50,0
medusa_Attack,EB7,0.15771632465310015,-0.26346078980219223,0.49126450891361234,22,50,0
medusa_Attack,EB8_dur,0.15545515870825283,-0.27566040916481965,0.4757604959892512,22,50,0
medusa_Attack,EB8_ttk,-0.008479372293177427,-0.4697967365581805,0.42673573505447826,22,50,0
medusa_Attack,EB8_aft,0.17693623518430232,-0.18896926872115263,0.5171214655701879,22,50,0
medusa_Attack,EB9_ttk_dur,0.03448278065892154,-0.40589304420947653,0.4128048719762602,22,50,0
medusa_Attack,EB9_ttk_aft,0.0016958744586354855,-0.3747787128212805,0.38178846666480504,22,50,0
gemini_Standard,A0,0.09171043244257121,-0.09103365699846018,0.3239752155086714,26,50,0
gemini_Standard,A,0.14865965258836142,-0.06509990951919735,0.3545797184206228,26,50,0
gemini_Standard,EB7,0.15309725415816322,-0.0315321305965292,0.3597407314535793,26,50,0
gemini_Standard,EB8_dur,0.03180281125024647,-0.24691497944879479,0.2875688177548927,26,50,0
gemini_Standard,EB8_ttk,0.19303566828637972,0.005679301390639016,0.45358746932194244,26,50,0
gemini_Standard,EB8_aft,0.09318963296583849,-0.11634455267535891,0.3020330547333143,26,50,0
gemini_Standard,EB9_ttk_dur,0.13312804709405499,-0.0007415679306153562,0.40036844870080746,26,50,0
gemini_Standard,EB9_ttk_aft,0.17454566174553873,0.012848815690611817,0.437150208382729,26,50,0
condor_Attack,A0,0.2867886764096205,0.03710544654104054,0.531773221737688,49,50,1
condor_Attack,A,0.28637963568733904,-0.006536563021700807,0.5830585272703971,49,50,1
condor_Attack,EB7,0.29410027932040245,0.002697475808841321,0.5500076146348393,49,50,1
condor_Attack,EB8_dur,0.31179129055907756,0.024904925310996577,0.5661361543010514,49,50,1
condor_Attack,EB8_ttk,0.29727034491808413,0.01631864854638534,0.5325758348792877,49,50,1
condor_Attack,EB8_aft,0.29113473408386153,-0.012577107093978386,0.5346447226315795,49,50,1
condor_Attack,EB9_ttk_dur,0.3126093720036406,-0.007786617183593946,0.5559818200719748,49,50,1
condor_Attack,EB9_ttk_aft,0.3050932487317179,-0.00759984182885685,0.578437224535881,49,50,1
sunder_Support,A0,0.005595655071720417,-0.3005702424545624,0.30801877799978755,42,50,1
sunder_Support,A,-0.01662477231453167,-0.31582732681354503,0.33543233830681696,42,50,1
sunder_Support,EB7,0.057983961975073876,-0.25551331771213825,0.33666076585159505,42,50,1
sunder_Support,EB8_dur,0.07955561775880766,-0.2530761296973359,0.41676224300568654,42,50,1
sunder_Support,EB8_ttk,0.06495825670214571,-0.26919828284515096,0.3596804105447378,42,50,1
sunder_Support,EB8_aft,0.06544483540403442,-0.2714889870305726,0.4285933352829849,42,50,1
sunder_Support,EB9_ttk_dur,0.06998623662166259,-0.22670693605856457,0.4211813625309766,42,50,1
sunder_Support,EB9_ttk_aft,0.06512044960277528,-0.2407029212174465,0.4124773091785628,42,50,1
mule_Fighter_Support,A0,0.4183618421337215,0.12385752560757067,0.6316053598646838,43,50,1
mule_Fighter_Support,A,0.4236208336473228,0.1394494359940491,0.6495603620279657,43,50,1
mule_Fighter_Support,EB7,0.2575092396315061,-0.13378442665362447,0.5992314560165628,43,50,1
mule_Fighter_Support,EB8_dur,0.2990371381354603,-0.028036139430668214,0.6126205567616255,43,50,1
mule_Fighter_Support,EB8_ttk,0.2575092396315061,-0.11949135920372563,0.5658222990825589,43,50,1
mule_Fighter_Support,EB8_aft,0.2575092396315061,-0.1082760239680857,0.5877868725681967,43,50,1
mule_Fighter_Support,EB9_ttk_dur,0.2990371381354603,-0.09843291339050979,0.6144301730584558,43,50,1
mule_Fighter_Support,EB9_ttk_aft,0.2575092396315061,-0.1456361632260153,0.5317643001874465,43,50,1
mule_Starting,A0,-0.29206700428031357,-0.570956206902053,0.040989711298473966,30,50,1
mule_Starting,A,-0.2489142472878211,-0.5423130569251678,0.0687758503652623,30,50,1
mule_Starting,EB7,-0.13317340899669877,-0.5720786860406062,0.30867824173343156,30,50,1
mule_Starting,EB8_dur,-0.1143119390529603,-0.5313683118118991,0.3972225625618166,30,50,1
mule_Starting,EB8_ttk,-0.13317340899669877,-0.5019502566181036,0.2991574841482053,30,50,1
mule_Starting,EB8_aft,-0.12774359189168313,-0.6151474153520269,0.3565557519451404,30,50,1
mule_Starting,EB9_ttk_dur,-0.12974405082510992,-0.5570701191863723,0.35460931120054157,30,50,1
mule_Starting,EB9_ttk_aft,-0.13488808808249317,-0.588053810603958,0.2609111643888888,30,50,1
condor_Strike,A0,0.1996457128935741,-0.14355690589549,0.43885074238446264,29,50,1
condor_Strike,A,0.1759943043974712,-0.17498584504903097,0.4960030563460336,29,50,1
condor_Strike,EB7,0.32903282996048966,0.06771097042300343,0.5287079178216646,29,50,1
condor_Strike,EB8_dur,0.18921126796882282,-0.09607493723320816,0.4593008606085005,29,50,1
condor_Strike,EB8_ttk,0.30955519943428733,0.04826349873364266,0.5763424929915776,29,50,1
condor_Strike,EB8_aft,0.2935557172163354,0.04963612744013367,0.5549639432161647,29,50,1
condor_Strike,EB9_ttk_dur,0.15442978488631862,-0.0788990913125732,0.4449251170732691,29,50,1
condor_Strike,EB9_ttk_aft,0.27686060533673335,-0.030697897252612436,0.568985071115073,29,50,1
scintilla_Support,A0,0.0251231527093596,-0.35517211782872943,0.39040564488541074,29,50,1
scintilla_Support,A,0.000985221674876847,-0.3471281408980699,0.3731776919473136,29,50,1
scintilla_Support,EB7,0.10541871921182264,-0.24129520164411516,0.4830721035586705,29,50,1
scintilla_Support,EB8_dur,0.07980295566502461,-0.28549370643438055,0.43316508007060267,29,50,1
scintilla_Support,EB8_ttk,0.10246305418719209,-0.2710982688679002,0.4626527048208557,29,50,1
scintilla_Support,EB8_aft,0.083743842364532,-0.33632061852451156,0.38877419985863076,29,50,1
scintilla_Support,EB9_ttk_dur,0.05566502463054186,-0.2851832734356985,0.3784188643762683,29,50,1
scintilla_Support,EB9_ttk_aft,0.07389162561576353,-0.32811753718080394,0.38480054188681856,29,50,1
medusa_Attack,A0,0.10771302372745022,-0.21885238264373127,0.4995812177395915,25,50,1
medusa_Attack,A,0.13848817336386457,-0.25590726387029195,0.44033629686896014,25,50,1
medusa_Attack,EB7,-0.1361800371411335,-0.5266313895476205,0.2896424473991519,25,50,1
medusa_Attack,EB8_dur,-0.15772264188662352,-0.49487986409524165,0.18953852756946246,25,50,1
medusa_Attack,EB8_ttk,-0.12925562847294025,-0.5512097739723543,0.19650721969961105,25,50,1
medusa_Attack,EB8_aft,-0.13079438595476098,-0.5458478997492674,0.2694606925025438,25,50,1
medusa_Attack,EB9_ttk_dur,-0.15618388440480283,-0.49442573377741433,0.2880667396837598,25,50,1
medusa_Attack,EB9_ttk_aft,-0.13771879462295422,-0.5241822221104963,0.30751690881087446,25,50,1
gemini_Standard,A0,-0.05370499868938536,-0.41371231149802234,0.335261986669656,26,50,1
gemini_Standard,A,-0.12176219530438231,-0.450251373022837,0.26358898721295865,26,50,1
gemini_Standard,EB7,0.20926430523794987,-0.35360842224502903,0.6012165361884748,26,50,1
gemini_Standard,EB8_dur,0.22083865840376568,-0.32919288599617225,0.6425409060115164,26,50,1
gemini_Standard,EB8_ttk,0.20926430523794987,-0.37019598294861084,0.6169600095358371,26,50,1
gemini_Standard,EB8_aft,0.2111162017444804,-0.41866296516842727,0.5878568798473394,26,50,1
gemini_Standard,EB9_ttk_dur,0.23148706331631622,-0.24039561616269872,0.627659107370826,26,50,1
gemini_Standard,EB9_ttk_aft,0.2111162017444804,-0.33625384861741975,0.5863696899972548,26,50,1
condor_Attack,A0,0.2173003387915164,-0.0810972561626881,0.4861168834102158,49,50,2
condor_Attack,A,0.15805052823798174,-0.12208975730957589,0.4279587359377332,49,50,2
condor_Attack,EB7,0.11650931739338467,-0.1492598637283173,0.45243105502757236,49,50,2
condor_Attack,EB8_dur,0.017147231994821398,-0.2634922080103777,0.31112948247374905,49,50,2
condor_Attack,EB8_ttk,0.1277877051042642,-0.13426777941833482,0.4059087778527068,49,50,2
condor_Attack,EB8_aft,-0.008114315140406555,-0.2957819035279038,0.26189236947004013,49,50,2
condor_Attack,EB9_ttk_dur,-0.001735136570904546,-0.26485706132848513,0.2513623337819612,49,50,2
condor_Attack,EB9_ttk_aft,-0.006430211998058023,-0.2737660855863436,0.25535280487122863,49,50,2
sunder_Support,A0,-0.021459882203310063,-0.2860821396115953,0.370838489574384,43,50,2
sunder_Support,A,-0.009218681791562773,-0.2728840502096801,0.354709901346349,43,50,2
sunder_Support,EB7,-0.2153544516881467,-0.47805609289864115,0.07940743650288486,43,50,2
sunder_Support,EB8_dur,-0.14795228645803202,-0.44011051072211554,0.1989537435386499,43,50,2
sunder_Support,EB8_ttk,-0.2321294300301708,-0.5764954122867603,0.049236591943736176,43,50,2
sunder_Support,EB8_aft,-0.21338981458502684,-0.5097199844878686,0.07568102200050184,43,50,2
sunder_Support,EB9_ttk_dur,-0.17439932438464656,-0.4675579033973929,0.1585544578137576,43,50,2
sunder_Support,EB9_ttk_aft,-0.24029023030466898,-0.4771782931923349,0.0639174294430615,43,50,2
mule_Fighter_Support,A0,0.2976894436044114,-0.11200961141525624,0.6319414917154657,43,50,2
mule_Fighter_Support,A,0.2922749779753726,-0.0425075155063527,0.5743097556468786,43,50,2
mule_Fighter_Support,EB7,0.4094822339451551,0.05461904012510829,0.6511686675827577,43,50,2
mule_Fighter_Support,EB8_dur,0.4351744041849081,0.08479207751777955,0.6680244809640956,43,50,2
mule_Fighter_Support,EB8_ttk,0.4006704565488762,-0.01099753615559296,0.6709206807900971,43,50,2
mule_Fighter_Support,EB8_aft,0.42232831906503165,0.07523634959146132,0.6768819899058223,43,50,2
mule_Fighter_Support,EB9_ttk_dur,0.4312462624540368,0.1248658489139526,0.6617434426038377,43,50,2
mule_Fighter_Support,EB9_ttk_aft,0.40810207603971377,0.0645051149203855,0.6711874829847564,43,50,2
mule_Starting,A0,0.2545604462793275,-0.1223234656521705,0.5547168502854015,35,50,2
mule_Starting,A,0.23211102109563878,-0.10723067182532674,0.5628383881667963,35,50,2
mule_Starting,EB7,0.13409522721328354,-0.2820123966703757,0.46729141358786386,35,50,2
mule_Starting,EB8_dur,0.1262780166582491,-0.31814166035462793,0.47387962734805456,35,50,2
mule_Starting,EB8_ttk,0.12427360369541973,-0.2715898357381354,0.46946508821306066,35,50,2
mule_Starting,EB8_aft,0.1555424459155576,-0.22200442483921523,0.5199780952694983,35,50,2
mule_Starting,EB9_ttk_dur,0.05251561962612899,-0.33256272759598465,0.3831834210728375,35,50,2
mule_Starting,EB9_ttk_aft,0.08799372906820849,-0.3235809935299562,0.4730993522201534,35,50,2
condor_Strike,A0,0.2216341598053445,-0.041901253587423554,0.4821254088484137,37,50,2
condor_Strike,A,0.1893605377237342,-0.0862528050671317,0.4357551134690739,37,50,2
condor_Strike,EB7,0.13008245634934784,-0.20007463858165786,0.47987761086903125,37,50,2
condor_Strike,EB8_dur,0.13370500576667144,-0.2000895894811351,0.4385826697177818,37,50,2
condor_Strike,EB8_ttk,0.1952883458611728,-0.13943935673040814,0.4727236745573825,37,50,2
condor_Strike,EB8_aft,0.14292604064713155,-0.2030690882353117,0.5054478702693773,37,50,2
condor_Strike,EB9_ttk_dur,0.1659786278482818,-0.1752265844981482,0.4423374795939519,37,50,2
condor_Strike,EB9_ttk_aft,0.20121615399861145,-0.20385196872621142,0.5276546233862529,37,50,2
scintilla_Support,A0,0.08560168673107178,-0.34870903781957385,0.43187965239876447,32,50,2
scintilla_Support,A,0.027861790970284607,-0.40682238063244647,0.3870588733045566,32,50,2
scintilla_Support,EB7,0.22747685917186314,-0.07778802258485315,0.5457924405806245,32,50,2
scintilla_Support,EB8_dur,0.24250756219530617,-0.12489948347585951,0.5800479896373085,32,50,2
scintilla_Support,EB8_ttk,0.14774081264506178,-0.25860476168784696,0.5084398661248637,32,50,2
scintilla_Support,EB8_aft,0.2234442315314272,-0.15030310147241102,0.5274365863844438,32,50,2
scintilla_Support,EB9_ttk_dur,0.16405462446318894,-0.24560793926472438,0.5052071711281659,32,50,2
scintilla_Support,EB9_ttk_aft,0.1503070302344301,-0.26834904874671817,0.5216063840273527,32,50,2
medusa_Attack,A0,-0.1320847868650738,-0.43622638705239736,0.23642255980242627,29,50,2
medusa_Attack,A,0.013307049422973853,-0.31374491294609597,0.39850076873013374,29,50,2
medusa_Attack,EB7,-0.20453427816793146,-0.5435805656631546,0.17213222945391388,29,50,2
medusa_Attack,EB8_dur,-0.19763432661527836,-0.5197169173436819,0.16807318487891915,29,50,2
medusa_Attack,EB8_ttk,-0.23656976751953515,-0.5613302560020974,0.10923801255854616,29,50,2
medusa_Attack,EB8_aft,-0.21044852235591985,-0.5733408298986945,0.14316841571571665,29,50,2
medusa_Attack,EB9_ttk_dur,-0.2350912064725381,-0.5772726666062598,0.14231327360200932,29,50,2
medusa_Attack,EB9_ttk_aft,-0.23410549910787332,-0.6158563339630175,0.19459377705364994,29,50,2
gemini_Standard,A0,-0.04127142573686896,-0.4113792905532502,0.4310953722071145,26,50,2
gemini_Standard,A,0.037575477163418004,-0.30044286049814745,0.42402864066680407,26,50,2
gemini_Standard,EB7,-0.015399785722712297,-0.4266533813372338,0.4627511653612982,26,50,2
gemini_Standard,EB8_dur,0.06344711717757466,-0.3033717934324355,0.5552004184343311,26,50,2
gemini_Standard,EB8_ttk,0.03387952858996706,-0.4101541069386947,0.46314868383109886,26,50,2
gemini_Standard,EB8_aft,-0.0006159914289084918,-0.4121846453599043,0.4725912239479264,26,50,2
gemini_Standard,EB9_ttk_dur,0.08315884290264641,-0.34730200840636166,0.4633533724631075,26,50,2
gemini_Standard,EB9_ttk_aft,0.03387952858996706,-0.3915615875463036,0.4452857730534776,26,50,2
condor_Attack,A0,0.08866659466213715,-0.20162763462894268,0.3563888958882723,46,50,3
condor_Attack,A,0.08909941625393279,-0.1717303744526381,0.37799995679642395,46,50,3
condor_Attack,EB7,0.2194405470403938,-0.09912760274614449,0.5078993419519302,46,50,3
condor_Attack,EB8_dur,0.20237500999245106,-0.1476076748741023,0.5078036697493121,46,50,3
condor_Attack,EB8_ttk,0.2165962908657367,-0.11318746731491595,0.48781931504455645,46,50,3
condor_Attack,EB8_aft,0.21535965774632057,-0.10880436995010756,0.5442699648593047,46,50,3
condor_Attack,EB9_ttk_dur,0.20286966324021755,-0.12848114800598326,0.47541138657909,46,50,3
condor_Attack,EB9_ttk_aft,0.22636569250912417,-0.1115430199593974,0.5394627913752853,46,50,3
sunder_Support,A0,-0.26816629331233055,-0.5270879407909873,0.05640123755808496,44,50,3
sunder_Support,A,-0.2864728483908476,-0.5224364078128532,0.021907678591960356,44,50,3
sunder_Support,EB7,-0.10998069383078185,-0.3847095414648341,0.17317026634632668,44,50,3
sunder_Support,EB8_dur,-0.09188618379178433,-0.4369831464015426,0.2197477489097717,44,50,3
sunder_Support,EB8_ttk,-0.11987612900835862,-0.40154167554197634,0.18724590989544443,44,50,3
sunder_Support,EB8_aft,-0.10100412049112291,-0.39962336293994694,0.18253466725313452,44,50,3
sunder_Support,EB9_ttk_dur,-0.08814005476027312,-0.40544789740497017,0.1995299665607644,44,50,3
sunder_Support,EB9_ttk_aft,-0.10142821057016194,-0.40366244135717155,0.19226437163142654,44,50,3
mule_Fighter_Support,A0,0.5090522456225339,0.25721573537409226,0.6919097116615698,42,50,3
mule_Fighter_Support,A,0.5077389013355821,0.19468700116892892,0.6986799830208531,42,50,3
mule_Fighter_Support,EB7,0.37202665835055837,-0.017388273007740707,0.7176034228065292,42,50,3
mule_Fighter_Support,EB8_dur,0.42350975439907057,0.11076062270238049,0.6750715787684706,42,50,3
mule_Fighter_Support,EB8_ttk,0.3560038580497459,0.004951174914842164,0.6589470857238556,42,50,3
mule_Fighter_Support,EB8_aft,0.37298977749432305,0.04910582570636101,0.6488975037408168,42,50,3
mule_Fighter_Support,EB9_ttk_dur,0.36843685063289,0.0031670724094311695,0.6522960017230481,42,50,3
mule_Fighter_Support,EB9_ttk_aft,0.3560038580497459,-0.022362532005482903,0.6436229272413764,42,50,3
mule_Starting,A0,0.329132505276688,-0.07059687669583725,0.6051228047123324,31,50,3
mule_Starting,A,0.3217951564329402,0.03746022306285913,0.6064158669460479,31,50,3
mule_Starting,EB7,0.5193794788681494,0.11850573284892925,0.7445491679770896,31,50,3
mule_Starting,EB8_dur,0.5199035752141313,0.11214622241890992,0.7523534783276715,31,50,3
mule_Starting,EB8_ttk,0.5261927313659153,0.15574715043852252,0.7574665396427932,31,50,3
mule_Starting,EB8_aft,0.5031324921427078,0.1825636297553132,0.7408028863803936,31,50,3
mule_Starting,EB9_ttk_dur,0.4921264688770861,0.15286629137898725,0.7455340701957084,31,50,3
mule_Starting,EB9_ttk_aft,0.5052288775266358,0.08975911110259523,0.7462153949301442,31,50,3
condor_Strike,A0,0.167245549732764,-0.09985554597921475,0.4445488921249561,33,50,3
condor_Strike,A,0.1801727419826395,-0.09917428365547101,0.4140237598700469,33,50,3
condor_Strike,EB7,0.0694836583430807,-0.33392647588152075,0.4144623491761703,33,50,3
condor_Strike,EB8_dur,0.0969539418740661,-0.2608931659535727,0.4991373850534517,33,50,3
condor_Strike,EB8_ttk,0.0832188001085734,-0.33329745162202606,0.41434844977346935,33,50,3
condor_Strike,EB8_aft,0.0694836583430807,-0.3342354513153619,0.49897726394916153,33,50,3
condor_Strike,EB9_ttk_dur,0.11068908363955879,-0.2271004577501028,0.4988654163738936,33,50,3
condor_Strike,EB9_ttk_aft,0.0832188001085734,-0.30421488527329726,0.4989511211440089,33,50,3
scintilla_Support,A0,-0.17043478260869566,-0.5301168948293405,0.2512420425861217,24,50,3
scintilla_Support,A,-0.17043478260869566,-0.5419312968137765,0.25334188147046494,24,50,3
scintilla_Support,EB7,0.0017391304347826085,-0.4493163917716828,0.3777884393130392,24,50,3
scintilla_Support,EB8_dur,-0.017391304347826087,-0.4069877561478957,0.36050785199203245,24,50,3
scintilla_Support,EB8_ttk,0.0008695652173913043,-0.4805231419874883,0.3969361526710154,24,50,3
scintilla_Support,EB8_aft,-0.05913043478260869,-0.4699109954926208,0.3566099154429559,24,50,3
scintilla_Support,EB9_ttk_dur,-0.042608695652173914,-0.4568175312817826,0.39622978995734776,24,50,3
scintilla_Support,EB9_ttk_aft,-0.05130434782608695,-0.5381739733256077,0.3934963189092726,24,50,3
medusa_Attack,A0,0.12207792207792208,-0.2501020574787721,0.5702633665488056,21,50,3
medusa_Attack,A,0.01948051948051948,-0.3774857218140569,0.4129825901469307,21,50,3
medusa_Attack,EB7,0.16753246753246753,-0.2929974823131411,0.547950447050428,21,50,3
medusa_Attack,EB8_dur,0.28181818181818186,-0.09589097490999685,0.6286186384666226,21,50,3
medusa_Attack,EB8_ttk,0.1064935064935065,-0.29960500329163925,0.5492200541491346,21,50,3
medusa_Attack,EB8_aft,0.23376623376623373,-0.19310086686701894,0.5909055893620653,21,50,3
medusa_Attack,EB9_ttk_dur,0.1974025974025974,-0.21586967087904463,0.5608937170152934,21,50,3
medusa_Attack,EB9_ttk_aft,0.13116883116883118,-0.23730278329369345,0.5223011860731612,21,50,3
gemini_Standard,A0,-0.3032400789053872,-0.5447725649868304,0.0,21,50,3
gemini_Standard,A,-0.30069184294819906,-0.5733630453224424,-0.008738008546768731,21,50,3
gemini_Standard,EB7,0.15034592147409953,-0.19874931686725472,0.47230543940692155,21,50,3
gemini_Standard,EB8_dur,0.04077177531501004,-0.2716611823690055,0.4037058444434126,21,50,3
gemini_Standard,EB8_ttk,0.20895534848942648,0.0,0.45654445979365194,21,50,3
gemini_Standard,EB8_aft,0.15034592147409953,-0.13458510805481722,0.47808497402146544,21,50,3
gemini_Standard,EB9_ttk_dur,-0.03567530340063379,-0.35480359535598316,0.27731334475692804,21,50,3
gemini_Standard,EB9_ttk_aft,0.18092475296035707,-0.06978851151977235,0.40213718806931015,21,50,3
condor_Attack,A0,0.34867247473594803,0.08260598413532784,0.5965395580466817,44,50,4
condor_Attack,A,0.35367970485452654,0.0687583688187295,0.6165101373135647,44,50,4
condor_Attack,EB7,0.1512042447074985,-0.15169015824696033,0.4285692942036891,44,50,4
condor_Attack,EB8_dur,0.14154240630967793,-0.19690928917286668,0.4812017342505059,44,50,4
condor_Attack,EB8_ttk,0.13350262837280535,-0.19812892497642923,0.43923005159424244,44,50,4
condor_Attack,EB8_aft,0.1662964594311014,-0.1752554007354205,0.4442233180324113,44,50,4
condor_Attack,EB9_ttk_dur,0.09725310328901139,-0.28489526114858704,0.39445730771908455,44,50,4
condor_Attack,EB9_ttk_aft,0.13738146860550704,-0.21063341557223775,0.431940138082096,44,50,4
sunder_Support,A0,-0.07990332702910084,-0.39823509786027966,0.23553025566353722,43,50,4
sunder_Support,A,-0.05251222439223105,-0.3237631114459205,0.22786420204790078,43,50,4
sunder_Support,EB7,-0.1383175017132541,-0.4864335148148614,0.1872567297682786,43,50,4
sunder_Support,EB8_dur,-0.12303296377776325,-0.4445224717180064,0.13317624004151407,43,50,4
sunder_Support,EB8_ttk,-0.19158638639932135,-0.4824699173887632,0.1208193734877276,43,50,4
sunder_Support,EB8_aft,-0.14104147877106438,-0.41861310948319097,0.1706539450412456,43,50,4
sunder_Support,EB9_ttk_dur,-0.18507910787233017,-0.47398145257548985,0.13460155299001964,43,50,4
sunder_Support,EB9_ttk_aft,-0.19204038257562306,-0.4906984987706926,0.15119896686080142,43,50,4
mule_Fighter_Support,A0,0.517597271709701,0.2628747174549192,0.7372190072323533,41,50,4
mule_Fighter_Support,A,0.48709211294839444,0.22650612911672324,0.7362358965280269,41,50,4
mule_Fighter_Support,EB7,0.41815837756570184,0.10251781820741136,0.683940178594733,41,50,4
mule_Fighter_Support,EB8_dur,0.44410757105746257,0.14148479807882874,0.6384589255131417,41,50,4
mule_Fighter_Support,EB8_ttk,0.4359860677508809,0.07902666511973393,0.7024335054265531,41,50,4
mule_Fighter_Support,EB8_aft,0.42469519730026745,0.09862289851611994,0.6492915032608514,41,50,4
mule_Fighter_Support,EB9_ttk_dur,0.46985867910272133,0.1801715550414517,0.7079333449860864,41,50,4
mule_Fighter_Support,EB9_ttk_aft,0.46233143213564565,0.16380876261001814,0.7054746452472588,41,50,4
mule_Starting,A0,0.39757096281069665,-0.047838064937034644,0.6808556772194477,30,50,4
mule_Starting,A,0.35856400042172265,-0.029278874451989054,0.626123279482756,30,50,4
mule_Starting,EB7,0.3633648573311348,-0.16681571400400289,0.7376119348463404,30,50,4
mule_Starting,EB8_dur,0.3573637861943696,-0.16447827877779897,0.7260671517573218,30,50,4
mule_Starting,EB8_ttk,0.40297192683378535,-0.06861653943687648,0.73561160432932,30,50,4
mule_Starting,EB8_aft,0.36456507155848783,-0.1231168278048959,0.7048443358715465,30,50,4
mule_Starting,EB9_ttk_dur,0.38736914187819577,-0.057234292124626183,0.7422297649265582,30,50,4
mule_Starting,EB9_ttk_aft,0.4113734264252567,-0.06233363230088431,0.7203390739992922,30,50,4
condor_Strike,A0,0.05079344066369567,-0.2920193976085673,0.36055358190736053,29,50,4
condor_Strike,A,0.0619262495762865,-0.2865671485763577,0.3730928167190633,29,50,4
condor_Strike,EB7,0.013220210583701611,-0.3506151838144709,0.3996937776636223,29,50,4
condor_Strike,EB8_dur,0.003131102506666171,-0.3435108509497281,0.3523394793623088,29,50,4
condor_Strike,EB8_ttk,0.03652952924443866,-0.3226081829115167,0.374373927931931,29,50,4
condor_Strike,EB8_aft,0.013220210583701611,-0.3369496172727657,0.3747650040896201,29,50,4
condor_Strike,EB9_ttk_dur,0.048358138714066426,-0.365620168918623,0.39938567436353867,29,50,4
condor_Strike,EB9_ttk_aft,0.016351313090367782,-0.3520046488595517,0.36806195312580414,29,50,4
scintilla_Support,A0,0.2099356800828495,-0.1478227795307003,0.46197335296731407,28,50,4
scintilla_Support,A,0.2003558250595122,-0.14023328095716917,0.5361319917138581,28,50,4
scintilla_Support,EB7,0.20281921635122746,-0.12589643305692205,0.6121298490591163,28,50,4
scintilla_Support,EB8_dur,0.1590255933873997,-0.2403925488702715,0.5524945367232373,28,50,4
scintilla_Support,EB8_ttk,0.1119474487012848,-0.28988719628540177,0.4458439716120122,28,50,4
scintilla_Support,EB8_aft,0.18311208601750495,-0.2505798395576027,0.5745178074504905,28,50,4
scintilla_Support,EB9_ttk_dur,0.08019707205250966,-0.41664176124052094,0.49746743208275945,28,50,4
scintilla_Support,EB9_ttk_aft,0.09552484008984939,-0.2913153348080929,0.4831504475334661,28,50,4
medusa_Attack,A0,-0.2855731225296443,-0.563114485804958,0.06806598529095015,23,50,4
medusa_Attack,A,-0.25592885375494073,-0.5659168605696203,0.1756291090455681,23,50,4
medusa_Attack,EB7,-0.17094861660079053,-0.5366305672831064,0.2970072002076151,23,50,4
medusa_Attack,EB8_dur,-0.1808300395256917,-0.5609980948881969,0.2913296225597921,23,50,4
medusa_Attack,EB8_ttk,-0.33102766798418976,-0.6438955306444365,0.046661109496263634,23,50,4
medusa_Attack,EB8_aft,-0.17094861660079053,-0.5340557188051092,0.2205107346152123,23,50,4
medusa_Attack,EB9_ttk_dur,-0.24901185770750991,-0.5625451769690927,0.11988835829245638,23,50,4
medusa_Attack,EB9_ttk_aft,-0.30138339920948615,-0.6318931068931068,0.12380715177234161,23,50,4
gemini_Standard,A0,0.47167329146206644,-0.011214751602874665,0.7806925496612752,17,50,4
gemini_Standard,A,0.41639907761885553,-0.26756432914076056,0.7646477377345474,17,50,4
gemini_Standard,EB7,0.5988039833014516,0.3080993894682004,0.8120643948732673,17,50,4
gemini_Standard,EB8_dur,0.6614480923237573,0.4096943557382908,0.8587373913042065,17,50,4
gemini_Standard,EB8_ttk,0.5988039833014516,0.39573531892491104,0.8053633666138188,17,50,4
gemini_Standard,EB8_aft,0.5988039833014516,0.307266028626447,0.8088372297604487,17,50,4
gemini_Standard,EB9_ttk_dur,0.6301260378126045,0.35992949660074675,0.8161820004417237,17,50,4
gemini_Standard,EB9_ttk_aft,0.5988039833014516,0.26231999920539834,0.8124013226935922,17,50,4
condor_Attack,A0,0.4022021635077868,0.2072411825322932,0.5580994529308351,91,100,0
condor_Attack,A,0.3942140846226348,0.15497169320538368,0.5683560671640021,91,100,0
condor_Attack,EB7,0.449588531664816,0.2724042281742727,0.6194155170308085,91,100,0
condor_Attack,EB8_dur,0.47545810849347697,0.33110176048433376,0.622560707882657,91,100,0
condor_Attack,EB8_ttk,0.4524186394534677,0.29997853306164396,0.5866170157156204,91,100,0
condor_Attack,EB8_aft,0.4425411646643426,0.27604368101619325,0.5837893346668299,91,100,0
condor_Attack,EB9_ttk_dur,0.4913625170522376,0.3308808626355659,0.6320161263870385,91,100,0
condor_Attack,EB9_ttk_aft,0.44490091651065505,0.2659641443648723,0.5878111301449741,91,100,0
sunder_Support,A0,0.025623797407812156,-0.20350516031391905,0.28092014080686534,83,100,0
sunder_Support,A,0.0437704867195742,-0.20307649986928739,0.2755891724324494,83,100,0
sunder_Support,EB7,-0.005082753256303722,-0.23405752695815102,0.24254675882755544,83,100,0
sunder_Support,EB8_dur,0.021444177994570664,-0.2351215488527514,0.22347198298432178,83,100,0
sunder_Support,EB8_ttk,0.013736035659597662,-0.19061002077355382,0.24306312928041712,83,100,0
sunder_Support,EB8_aft,-0.012475848901836409,-0.22604709376030846,0.2028256789095453,83,100,0
sunder_Support,EB9_ttk_dur,0.03641939729930023,-0.19966981413645157,0.26051393886955176,83,100,0
sunder_Support,EB9_ttk_aft,0.01745358659499336,-0.18698991580982408,0.23871924577243048,83,100,0
mule_Fighter_Support,A0,0.5154620943430832,0.3176564076404787,0.6689217602103827,82,100,0
mule_Fighter_Support,A,0.50935120513455,0.2893874514046828,0.6546312835755609,82,100,0
mule_Fighter_Support,EB7,0.3750343511654641,0.15259564460202324,0.5646221600621564,82,100,0
mule_Fighter_Support,EB8_dur,0.41408023361838125,0.19354424142253987,0.6072635382095758,82,100,0
mule_Fighter_Support,EB8_ttk,0.43064589713548945,0.21463781115419914,0.6156375447054762,82,100,0
mule_Fighter_Support,EB8_aft,0.3625671555111072,0.11920330042253743,0.5669395630871659,82,100,0
mule_Fighter_Support,EB9_ttk_dur,0.4665995223985464,0.27938742032005476,0.6413576987473126,82,100,0
mule_Fighter_Support,EB9_ttk_aft,0.41685344839976385,0.21013576586303317,0.592063231717313,82,100,0
mule_Starting,A0,0.41524437916867446,0.19379879825825783,0.5768817533399525,68,100,0
mule_Starting,A,0.4133221584447803,0.21327729656346292,0.5863368358582564,68,100,0
mule_Starting,EB7,0.3312925066227847,0.10485114509084736,0.5473421556205417,68,100,0
mule_Starting,EB8_dur,0.3406130419932948,0.09519670450116655,0.5548788508072396,68,100,0
mule_Starting,EB8_ttk,0.35865062483262733,0.08333170668737667,0.5690433248473236,68,100,0
mule_Starting,EB8_aft,0.32825271571057996,0.12466345851314098,0.5352992678610125,68,100,0
mule_Starting,EB9_ttk_dur,0.3566389984936683,0.09595505983769738,0.5831011394092633,68,100,0
mule_Starting,EB9_ttk_aft,0.36021522309626214,0.13509047368252305,0.5791417311033519,68,100,0
condor_Strike,A0,-0.12619812628421553,-0.3846393012517589,0.1681951806851719,54,100,0
condor_Strike,A,-0.13137928102902205,-0.3824896504531141,0.15296331705582225,54,100,0
condor_Strike,EB7,-0.1549411990351659,-0.40064644658321913,0.13251138288718467,54,100,0
condor_Strike,EB8_dur,-0.1861514883312622,-0.37263167426061744,0.0629196426390986,54,100,0
condor_Strike,EB8_ttk,-0.1284803015884755,-0.3345270004672503,0.13130239382982228,54,100,0
condor_Strike,EB8_aft,-0.14026126059154745,-0.42258576728355146,0.16091600237319056,54,100,0
condor_Strike,EB9_ttk_dur,-0.14396208540926642,-0.38989390380217953,0.09222248876488105,54,100,0
condor_Strike,EB9_ttk_aft,-0.08437880584399161,-0.29930285044887883,0.16570575658742379,54,100,0
scintilla_Support,A0,0.11866246948662965,-0.20957063618682903,0.39211340706094794,48,100,0
scintilla_Support,A,0.1123656504287847,-0.1589663725847307,0.38828195991131237,48,100,0
scintilla_Support,EB7,0.16122028104999545,-0.17592456070913548,0.4253532816000486,48,100,0
scintilla_Support,EB8_dur,0.13049614668154513,-0.22751161800040373,0.4001740265390472,48,100,0
scintilla_Support,EB8_ttk,0.1957442200223177,-0.11500312438717632,0.4748964560875115,48,100,0
scintilla_Support,EB8_aft,0.15535772537545017,-0.20436507311192156,0.4723646605045425,48,100,0
scintilla_Support,EB9_ttk_dur,0.20529801445491,-0.06301872200947994,0.43975164834535574,48,100,0
scintilla_Support,EB9_ttk_aft,0.18901313758117314,-0.12156157028808103,0.46859416256698294,48,100,0
medusa_Attack,A0,0.011118847139712527,-0.2691156364351966,0.2961970654584991,47,100,0
medusa_Attack,A,0.017720662628916844,-0.2615836997640388,0.2644440014319759,47,100,0
medusa_Attack,EB7,0.08698181460337613,-0.18436207986567982,0.3859935057045249,47,100,0
medusa_Attack,EB8_dur,0.11477893245265747,-0.18095101206764758,0.411439018663955,47,100,0
medusa_Attack,EB8_ttk,0.0864027079815161,-0.21618835088050511,0.31195282745084085,47,100,0
medusa_Attack,EB8_aft,0.07887432189733574,-0.2723827402168437,0.34037789476261504,47,100,0
medusa_Attack,EB9_ttk_dur,0.08964570506393225,-0.19463091007837002,0.34017581256949025,47,100,0
medusa_Attack,EB9_ttk_aft,0.0882558491714682,-0.15929584853508644,0.3085301371244603,47,100,0
gemini_Standard,A0,-0.321024489133261,-0.5362319542717855,-0.08022370438711884,47,100,0
gemini_Standard,A,-0.3300719835426534,-0.5138585226281488,-0.03618281486577806,47,100,0
gemini_Standard,EB7,-0.04071372484226561,-0.3050885905655493,0.24286689536927217,47,100,0
gemini_Standard,EB8_dur,0.02471904722566127,-0.26245201460344425,0.28896263980252807,47,100,0
gemini_Standard,EB8_ttk,-0.07431870407715152,-0.40477553193201926,0.26116252742744384,47,100,0
gemini_Standard,EB8_aft,-0.041036849642601056,-0.3392284870488995,0.24210918041685564,47,100,0
gemini_Standard,EB9_ttk_dur,-0.04749934564930989,-0.384189980255025,0.30114677922339383,47,100,0
gemini_Standard,EB9_ttk_aft,-0.0819121368850344,-0.3526837111465141,0.25132967226670855,47,100,0
condor_Attack,A0,-0.03568635533804293,-0.24537803783347606,0.16886748002973714,90,100,1
condor_Attack,A,-0.05140975526783809,-0.2652348881294935,0.17542252923417928,90,100,1
condor_Attack,EB7,0.25897509863425433,0.008963113074912779,0.44126170967119294,90,100,1
condor_Attack,EB8_dur,0.2587116699443311,0.04779096314235491,0.47358348393253674,90,100,1
condor_Attack,EB8_ttk,0.27634492787606996,0.05982591226945376,0.477340556944787,90,100,1
condor_Attack,EB8_aft,0.24959045155573786,0.007267959061052635,0.4538075996731642,90,100,1
condor_Attack,EB9_ttk_dur,0.2844947529705711,0.007921845231373056,0.45989109737037165,90,100,1
condor_Attack,EB9_ttk_aft,0.2718666401473744,0.042600941911442265,0.4745070129678678,90,100,1
sunder_Support,A0,-0.187005389229443,-0.3820861162691215,0.048632500295952674,87,100,1
sunder_Support,A,-0.18654950090855213,-0.3945428458276447,0.031009983118620046,87,100,1
sunder_Support,EB7,-0.1250228131211176,-0.32275705486635786,0.08669236481538561,87,100,1
sunder_Support,EB8_dur,-0.11729094719880814,-0.30334820939965146,0.07974599260804546,87,100,1
sunder_Support,EB8_ttk,-0.12697401513453063,-0.3139142747642071,0.08584416629876446,87,100,1
sunder_Support,EB8_aft,-0.130858183628521,-0.32049923797878593,0.08016086442186288,87,100,1
sunder_Support,EB9_ttk_dur,-0.12088334716742834,-0.29386576498043976,0.08176577491992837,87,100,1
sunder_Support,EB9_ttk_aft,-0.12832344456436767,-0.3206607635189224,0.06177105066652216,87,100,1
mule_Fighter_Support,A0,0.27930323986987066,0.06610966416165118,0.5025144380685856,85,100,1
mule_Fighter_Support,A,0.30319219864973745,0.10326446217704528,0.5120888196486836,85,100,1
mule_Fighter_Support,EB7,0.22164642958162084,0.025497203285242666,0.41009004427662676,85,100,1
mule_Fighter_Support,EB8_dur,0.22063608827984074,-0.010456345096624815,0.4283074965780938,85,100,1
mule_Fighter_Support,EB8_ttk,0.23060478912407087,0.03506176403426803,0.4375438000505616,85,100,1
mule_Fighter_Support,EB8_aft,0.22301600334625607,-0.002460454771344686,0.4146627785705894,85,100,1
mule_Fighter_Support,EB9_ttk_dur,0.23035781680585796,0.001502275101262526,0.4325134942038922,85,100,1
mule_Fighter_Support,EB9_ttk_aft,0.23794660258367276,0.039603137605560224,0.45233061492585,85,100,1
mule_Starting,A0,0.34201386027172803,0.10128546781223795,0.5347185380345251,67,100,1
mule_Starting,A,0.3328507100261113,0.05860168683733353,0.530030541323588,67,100,1
mule_Starting,EB7,0.42205412219637434,0.15487243903570225,0.5980259064893936,67,100,1
mule_Starting,EB8_dur,0.4164174840326669,0.17500767196900424,0.6051074970926755,67,100,1
mule_Starting,EB8_ttk,0.40864181395042426,0.13728428340533408,0.5844271599224726,67,100,1
mule_Starting,EB8_aft,0.4360156413403268,0.21533134048112532,0.6088827932928038,67,100,1
mule_Starting,EB9_ttk_dur,0.40505749019504095,0.16011287138465893,0.6316011794874913,67,100,1
mule_Starting,EB9_ttk_aft,0.4180073050531998,0.14753747234342657,0.5931225288427368,67,100,1
condor_Strike,A0,-0.05081733689341629,-0.23950160575374063,0.1461760634595744,61,100,1
condor_Strike,A,-0.0401124741579993,-0.257528189255207,0.17562849928524615,61,100,1
condor_Strike,EB7,-0.1548308690658971,-0.3600099480055371,0.03975894368758283,61,100,1
condor_Strike,EB8_dur,-0.16524862820304623,-0.3780577383272705,0.03112915801690988,61,100,1
condor_Strike,EB8_ttk,-0.161762370224079,-0.35782770587526386,0.06433532936685293,61,100,1
condor_Strike,EB8_aft,-0.12841733802525135,-0.3589303185401456,0.11788964958965974,61,100,1
condor_Strike,EB9_ttk_dur,-0.1604498966319972,-0.3628923022528582,0.06081202387745949,61,100,1
condor_Strike,EB9_ttk_aft,-0.1390811859609158,-0.34352791050191966,0.06514357964572869,61,100,1
scintilla_Support,A0,-0.02367467731026974,-0.2848888979815638,0.22793394194772215,49,100,1
scintilla_Support,A,-0.03632838414851736,-0.32106091498037587,0.23112254171854948,49,100,1
scintilla_Support,EB7,-0.05648247366911337,-0.3360823466944199,0.24608741200327713,49,100,1
scintilla_Support,EB8_dur,-0.04178784637308387,-0.34455799568740186,0.3054812775854981,49,100,1
scintilla_Support,EB8_ttk,-0.07194244613681107,-0.38170252648474906,0.21155020551654136,49,100,1
scintilla_Support,EB8_aft,-0.054186438154108764,-0.35975362091754703,0.24397084385347514,49,100,1
scintilla_Support,EB9_ttk_dur,-0.09133119048573886,-0.3437785774712982,0.21960010492905996,49,100,1
scintilla_Support,EB9_ttk_aft,-0.07979998989927126,-0.369103100568008,0.28432676777675814,49,100,1
medusa_Attack,A0,-0.27638029780041123,-0.5127716705762146,0.01794592114433249,50,100,1
medusa_Attack,A,-0.2630039533038036,-0.5130802865838942,0.03401521614242566,50,100,1
medusa_Attack,EB7,-0.03093881119179395,-0.3087594420863194,0.24453572178505462,50,100,1
medusa_Attack,EB8_dur,-0.02752255054697689,-0.26086342458690776,0.22881569545088404,50,100,1
medusa_Attack,EB8_ttk,0.07366612742556226,-0.20094218331213262,0.3575022327100847,50,100,1
medusa_Attack,EB8_aft,-0.03984033540716234,-0.34797764078360616,0.2961751423970188,50,100,1
medusa_Attack,EB9_ttk_dur,0.07688992268193892,-0.20907119360050458,0.3460047146627419,50,100,1
medusa_Attack,EB9_ttk_aft,0.05490075205262348,-0.25348425602837793,0.3457096007820625,50,100,1
gemini_Standard,A0,-0.08796452666678316,-0.3202136250281348,0.17998131676518234,50,100,1
gemini_Standard,A,-0.08047818397173778,-0.35775092145191795,0.18682585945004454,50,100,1
gemini_Standard,EB7,-0.1702292242362022,-0.37794754397007113,0.07258779041258992,50,100,1
gemini_Standard,EB8_dur,-0.1617220166281961,-0.35765615063378137,0.09777255834109659,50,100,1
gemini_Standard,EB8_ttk,-0.23292734430720724,-0.42747259615935956,-0.02042707256315505,50,100,1
gemini_Standard,EB8_aft,-0.16452939513883813,-0.3581387103276385,0.020718416649568652,50,100,1
gemini_Standard,EB9_ttk_dur,-0.24747466931689768,-0.4546613479356574,-0.051001242910036645,50,100,1
gemini_Standard,EB9_ttk_aft,-0.2359048669700094,-0.4694138757970197,-0.034333258245113005,50,100,1
condor_Attack,A0,0.4206707963924623,0.24011075043623104,0.5922940216658229,96,100,2
condor_Attack,A,0.4129906012213071,0.23223184355043114,0.5877868158112124,96,100,2
condor_Attack,EB7,0.3522694829389169,0.1681970083365471,0.5037294434729418,96,100,2
condor_Attack,EB8_dur,0.34781089175991,0.15579087782742398,0.5107256221762136,96,100,2
condor_Attack,EB8_ttk,0.3037143375382682,0.09407106643512807,0.5183995793402421,96,100,2
condor_Attack,EB8_aft,0.31907472788057867,0.13604360483097397,0.5089352752119559,96,100,2
condor_Attack,EB9_ttk_dur,0.3018112803277165,0.10141206701329042,0.4836891057724507,96,100,2
condor_Attack,EB9_ttk_aft,0.27936879850899554,0.058117782596712804,0.45918272517065173,96,100,2
sunder_Support,A0,0.03613090395141871,-0.17431829985979938,0.2442324886086489,88,100,2
sunder_Support,A,0.0588163153391689,-0.14895342319443916,0.25497503010195954,88,100,2
sunder_Support,EB7,0.0728437111875601,-0.14195472058748618,0.276102862507461,88,100,2
sunder_Support,EB8_dur,0.09144698286581619,-0.12332412127342134,0.2966921124463004,88,100,2
sunder_Support,EB8_ttk,0.07031331357065987,-0.12661333640747593,0.3022887753290841,88,100,2
sunder_Support,EB8_aft,0.07746367059960095,-0.1305332727180156,0.28650451650776726,88,100,2
sunder_Support,EB9_ttk_dur,0.10081915243642578,-0.15972106288911364,0.310179303615036,88,100,2
sunder_Support,EB9_ttk_aft,0.07536529208802514,-0.10182122074807196,0.308816389398435,88,100,2
mule_Fighter_Support,A0,0.45895117774199623,0.23848635940371476,0.6408276394691167,86,100,2
mule_Fighter_Support,A,0.4506584764089191,0.23753813283476236,0.605489494602268,86,100,2
mule_Fighter_Support,EB7,0.3582722692301888,0.16170458639417148,0.5334933549244045,86,100,2
mule_Fighter_Support,EB8_dur,0.38486829856952026,0.1767174048815964,0.5922076885877264,86,100,2
mule_Fighter_Support,EB8_ttk,0.359544806519152,0.12518644774524082,0.5406252486288089,86,100,2
mule_Fighter_Support,EB8_aft,0.36652255265363376,0.08136859471186192,0.5729094334405824,86,100,2
mule_Fighter_Support,EB9_ttk_dur,0.39687256699540674,0.1658159213460225,0.5786544813396216,86,100,2
mule_Fighter_Support,EB9_ttk_aft,0.36930092573453677,0.11512069979902931,0.5617389071619217,86,100,2
mule_Starting,A0,0.25659799759947893,0.009668820388139172,0.47068586205736895,65,100,2
mule_Starting,A,0.254979447490719,0.018564550617395984,0.43910030233369884,65,100,2
mule_Starting,EB7,0.23099022266445546,-0.0012195938378489293,0.4445505324887196,65,100,2
mule_Starting,EB8_dur,0.18671131611766545,-0.12475112962265578,0.4276686821989315,65,100,2
mule_Starting,EB8_ttk,0.22451602222941566,-0.041314774696404676,0.4626239476755231,65,100,2
mule_Starting,EB8_aft,0.21544058054815454,-0.0431977662599124,0.4574627494215107,65,100,2
mule_Starting,EB9_ttk_dur,0.18121980682008704,-0.08492155300810689,0.4550043573143375,65,100,2
mule_Starting,EB9_ttk_aft,0.20983346052852184,-0.044872002942832154,0.415314398871638,65,100,2
condor_Strike,A0,0.12257587026563349,-0.16650945419461247,0.37353170737466007,62,100,2
condor_Strike,A,0.1209068355884082,-0.29830492689586824,0.3970788633796432,62,100,2
condor_Strike,EB7,0.17367778494185473,-0.12530357403993178,0.37998324943901324,62,100,2
condor_Strike,EB8_dur,0.15904918688852723,-0.13533813392019073,0.3912718508655957,62,100,2
condor_Strike,EB8_ttk,0.17966667407778075,-0.17308486168128254,0.4058679174962604,62,100,2
condor_Strike,EB8_aft,0.18555738470328176,-0.09548983213996459,0.4042272401147077,62,100,2
condor_Strike,EB9_ttk_dur,0.1718614824989919,-0.15986341589124692,0.4028675827317018,62,100,2
condor_Strike,EB9_ttk_aft,0.1804030129059684,-0.10631996888435362,0.4373177311960716,62,100,2
scintilla_Support,A0,0.193543977198067,-0.09308435088434303,0.509629228762209,56,100,2
scintilla_Support,A,0.20557425796333625,-0.13679146421570565,0.4766149584183808,56,100,2
scintilla_Support,EB7,0.1426203455496263,-0.18700478957568395,0.40613486110400976,56,100,2
scintilla_Support,EB8_dur,0.14426083838125392,-0.14252098780031844,0.43791039066050036,56,100,2
scintilla_Support,EB8_ttk,0.12023445378470772,-0.21219239525632683,0.3509565733223801,56,100,2
scintilla_Support,EB8_aft,0.14761017791249362,-0.17002252165525025,0.4309312339894359,56,100,2
scintilla_Support,EB9_ttk_dur,0.1424494608796651,-0.158086147319443,0.39782726537506147,56,100,2
scintilla_Support,EB9_ttk_aft,0.1334267503057132,-0.13786411702859272,0.4404374593482164,56,100,2
medusa_Attack,A0,0.0004065394873006893,-0.3120233683035476,0.28339624268921215,42,100,2
medusa_Attack,A,-0.0083747134383942,-0.2623262767973436,0.31331131237280885,42,100,2
medusa_Attack,EB7,-0.0777303499718918,-0.377052785667562,0.14836886384465914,42,100,2
medusa_Attack,EB8_dur,-0.01219618461902068,-0.34105306274943725,0.2883435292796726,42,100,2
medusa_Attack,EB8_ttk,-0.15944478691933034,-0.40615450401211517,0.15198475885271714,42,100,2
medusa_Attack,EB8_aft,-0.0586229940687594,-0.3594437690225052,0.19387844057727333,42,100,2
medusa_Attack,EB9_ttk_dur,-0.13106833070574223,-0.37279638687611133,0.1818872786105982,42,100,2
medusa_Attack,EB9_ttk_aft,-0.14228882055524128,-0.4400517373185906,0.1746088640126852,42,100,2
gemini_Standard,A0,-0.23849327539127813,-0.4225775401187731,0.009828640099558257,47,100,2
gemini_Standard,A,-0.2815656395087665,-0.49790875989340105,-0.032564953629516676,47,100,2
gemini_Standard,EB7,-0.18485222933755419,-0.4154330911407887,0.14232414210801939,47,100,2
gemini_Standard,EB8_dur,-0.09212700102907233,-0.38417934221421063,0.17989067396828634,47,100,2
gemini_Standard,EB8_ttk,-0.16850068370035956,-0.43801267113681,0.14451245767825827,47,100,2
gemini_Standard,EB8_aft,-0.14656568345534232,-0.3981106827543133,0.13837187568411613,47,100,2
gemini_Standard,EB9_ttk_dur,-0.08175772818597327,-0.3467870771500718,0.20268958455406202,47,100,2
gemini_Standard,EB9_ttk_aft,-0.14357454705829453,-0.40090530607458597,0.11599739840250775,47,100,2
condor_Attack,A0,0.15063738028999515,-0.06526591811750747,0.32264847927744195,89,100,3
condor_Attack,A,0.15361945512605277,-0.04920063167476654,0.3114654392026536,89,100,3
condor_Attack,EB7,0.249880830833992,0.02157682129475624,0.3991778941456395,89,100,3
condor_Attack,EB8_dur,0.16612712900986004,-0.052877396279334424,0.36136758020370086,89,100,3
condor_Attack,EB8_ttk,0.24527991537264596,0.026972762041873814,0.4937431151874135,89,100,3
condor_Attack,EB8_aft,0.10856456446013114,-0.10882392514322661,0.3388220914121733,89,100,3
condor_Attack,EB9_ttk_dur,0.16505358206887935,-0.06058075384363071,0.36935862151467974,89,100,3
condor_Attack,EB9_ttk_aft,0.11217713511866949,-0.10020487960849889,0.31607414171196213,89,100,3
sunder_Support,A0,-0.0621681042996795,-0.2963105242281055,0.24943284307627106,79,100,3
sunder_Support,A,-0.050962254778577395,-0.2901291577477673,0.15904657512521786,79,100,3
sunder_Support,EB7,-0.1282095348468704,-0.35285511460911906,0.16921680476325632,79,100,3
sunder_Support,EB8_dur,-0.13914741840116351,-0.3711865615830223,0.07203902844840403,79,100,3
sunder_Support,EB8_ttk,-0.13320344604649198,-0.37633656828439155,0.07439794678460764,79,100,3
sunder_Support,EB8_aft,-0.17181490580941985,-0.35577931314932754,0.055186078413555224,79,100,3
sunder_Support,EB9_ttk_dur,-0.14918396188528105,-0.3526798767900857,0.13624082839626697,79,100,3
sunder_Support,EB9_ttk_aft,-0.17466508927456975,-0.38145641251839535,0.051177721288030775,79,100,3
mule_Fighter_Support,A0,0.28829950585341063,0.06848234229728507,0.5002021508766104,76,100,3
mule_Fighter_Support,A,0.2796636621790519,0.04131181697733464,0.531336338405462,76,100,3
mule_Fighter_Support,EB7,0.37087193866729723,0.14132445566249427,0.5434200850442701,76,100,3
mule_Fighter_Support,EB8_dur,0.3739695782461433,0.1624921703535259,0.5689099126677659,76,100,3
mule_Fighter_Support,EB8_ttk,0.37353152820469027,0.18887350356102434,0.5506473174399934,76,100,3
mule_Fighter_Support,EB8_aft,0.3795390716303311,0.14671475974417475,0.5591859170587699,76,100,3
mule_Fighter_Support,EB9_ttk_dur,0.37869426083610036,0.18187763091858727,0.543625965784595,76,100,3
mule_Fighter_Support,EB9_ttk_aft,0.3739695782461433,0.1233992455435567,0.5884603538685488,76,100,3
mule_Starting,A0,0.3223390633585728,0.07357987902111572,0.5351152742240738,64,100,3
mule_Starting,A,0.3086487492078931,0.09349843230728506,0.5262604979964272,64,100,3
mule_Starting,EB7,0.35304976807496263,0.10603919760577457,0.5432724608449623,64,100,3
mule_Starting,EB8_dur,0.33911278159724356,0.06707361053734948,0.5696106013880421,64,100,3
mule_Starting,EB8_ttk,0.33473434779229644,0.061033297129307225,0.5541340784610457,64,100,3
mule_Starting,EB8_aft,0.3533581084837617,0.10807186025708347,0.5570833180674312,64,100,3
mule_Starting,EB9_ttk_dur,0.31882398269826323,0.05936823809254716,0.5470088303461096,64,100,3
mule_Starting,EB9_ttk_aft,0.33707773489916953,0.13175535574293348,0.545450191138851,64,100,3
condor_Strike,A0,-0.11566886018440005,-0.3131282439487702,0.13263872955383588,58,100,3
condor_Strike,A,-0.12797316152277702,-0.3420409277247782,0.10012545848974379,58,100,3
condor_Strike,EB7,-0.13555800481355737,-0.4385270438389997,0.10354364847990401,58,100,3
condor_Strike,EB8_dur,-0.13374607002742653,-0.38808545943130357,0.13614047388248923,58,100,3
condor_Strike,EB8_ttk,-0.1353051767038647,-0.3922041056252301,0.12327738963697256,58,100,3
condor_Strike,EB8_aft,-0.08811059622789819,-0.3529201110885038,0.1687311425151549,58,100,3
condor_Strike,EB9_ttk_dur,-0.13024861451001113,-0.3413510621567472,0.16311567494073578,58,100,3
condor_Strike,EB9_ttk_aft,-0.1011733818953532,-0.334657473496736,0.1939641633297006,58,100,3
scintilla_Support,A0,-0.036380090497737556,-0.31785578369247236,0.27276891804875236,51,100,3
scintilla_Support,A,-0.04660633484162896,-0.30328051228769987,0.2529653487113552,51,100,3
scintilla_Support,EB7,-0.0780995475113122,-0.3971773311762108,0.20520320502703837,51,100,3
scintilla_Support,EB8_dur,-0.07149321266968325,-0.3577422390962295,0.2498794924746295,51,100,3
scintilla_Support,EB8_ttk,-0.07746606334841628,-0.33057743348899027,0.16305224523086698,51,100,3
scintilla_Support,EB8_aft,-0.05800904977375565,-0.3114361411521428,0.2492515991629308,51,100,3
scintilla_Support,EB9_ttk_dur,-0.07212669683257918,-0.3323991152355169,0.1670443405795005,51,100,3
scintilla_Support,EB9_ttk_aft,-0.05800904977375565,-0.34620458412747623,0.18400992608704236,51,100,3
medusa_Attack,A0,-0.039550575953732486,-0.3619115100948555,0.2761601766830215,45,100,3
medusa_Attack,A,-0.0353177383934668,-0.33131144441470545,0.2632016126366327,45,100,3
medusa_Attack,EB7,0.03439180517715868,-0.29224904134103485,0.31085466880329915,45,100,3
medusa_Attack,EB8_dur,0.034920909872191895,-0.2578694560271196,0.32983213955017615,45,100,3
medusa_Attack,EB8_ttk,0.04127016621259042,-0.24216433329164408,0.36058596681455296,45,100,3
medusa_Attack,EB8_aft,0.03174628170199263,-0.23717041258226756,0.28867151383308043,45,100,3
medusa_Attack,EB9_ttk_dur,0.044577070556547985,-0.27965774163795826,0.33407274850176893,45,100,3
medusa_Attack,EB9_ttk_aft,0.02156101632260333,-0.3162564098164094,0.27320576089424686,45,100,3
gemini_Standard,A0,-0.08653033335450494,-0.40141563687899395,0.27126941426176954,47,100,3
gemini_Standard,A,-0.09730247689455554,-0.4153411898440194,0.2286413665849439,47,100,3
gemini_Standard,EB7,0.045031091847752565,-0.19957499256724318,0.30536742148151813,47,100,3
gemini_Standard,EB8_dur,0.044677906813652545,-0.20732379855822897,0.30749615990136153,47,100,3
gemini_Standard,EB8_ttk,0.043618351711352484,-0.27121495350531155,0.3217520201800777,47,100,3
gemini_Standard,EB8_aft,0.03355257823950191,-0.22829754282775055,0.33424312244807225,47,100,3
gemini_Standard,EB9_ttk_dur,0.04255879660905242,-0.24065719439980915,0.34732609310060875,47,100,3
gemini_Standard,EB9_ttk_aft,0.02136769456305122,-0.2936172792909744,0.3502650075027455,47,100,3
condor_Attack,A0,0.3416224454670661,0.13976619094198553,0.5222859870180708,93,100,4
condor_Attack,A,0.31698161081502985,0.06880242789632465,0.5157270943587374,93,100,4
condor_Attack,EB7,0.4124797970544447,0.19947759379119545,0.5675231199303618,93,100,4
condor_Attack,EB8_dur,0.3793013916582867,0.16462336505172204,0.547590768606807,93,100,4
condor_Attack,EB8_ttk,0.4146478316567173,0.23378415084222023,0.5550880974771576,93,100,4
condor_Attack,EB8_aft,0.3618973069890086,0.10700255931881607,0.5299006698525129,93,100,4
condor_Attack,EB9_ttk_dur,0.38420563544825503,0.20822618911817004,0.5712729982860345,93,100,4
condor_Attack,EB9_ttk_aft,0.3737990693573465,0.17121255340497357,0.5295510081394282,93,100,4
sunder_Support,A0,0.14141831686026463,-0.09821366709138081,0.38905040514589034,78,100,4
sunder_Support,A,0.10840675926119109,-0.1280437456933098,0.30325270532700677,78,100,4
sunder_Support,EB7,0.25838550692413514,-0.020445339501497586,0.43637664674510085,78,100,4
sunder_Support,EB8_dur,0.2886957730254743,0.035245537999997266,0.4959674211881417,78,100,4
sunder_Support,EB8_ttk,0.2574470300657673,0.051214079508390124,0.47966719944558933,78,100,4
sunder_Support,EB8_aft,0.2669205734873993,0.06635567783552086,0.49490757799685176,78,100,4
sunder_Support,EB9_ttk_dur,0.28331855426942076,0.0922050689566491,0.4856279409267288,78,100,4
sunder_Support,EB9_ttk_aft,0.26487875221446383,0.051581555344980184,0.45741337045898184,78,100,4
mule_Fighter_Support,A0,0.3615424254846913,0.14264401916759986,0.5534737514889692,76,100,4
mule_Fighter_Support,A,0.3753151659287343,0.14337262430987546,0.587707344454188,76,100,4
mule_Fighter_Support,EB7,0.3282769433449031,0.08004382225586412,0.5387509767170914,76,100,4
mule_Fighter_Support,EB8_dur,0.34195381784618006,0.029500878948786065,0.5282347957623109,76,100,4
mule_Fighter_Support,EB8_ttk,0.3292036474583074,0.07585005040144804,0.5314796666939151,76,100,4
mule_Fighter_Support,EB8_aft,0.3328145979691586,0.08140048568033655,0.5275147686671326,76,100,4
mule_Fighter_Support,EB9_ttk_dur,0.33051381534277546,0.09295066153445976,0.5246426658751153,76,100,4
mule_Fighter_Support,EB9_ttk_aft,0.3345721402532012,0.07319135996586519,0.5447524387588196,76,100,4
mule_Starting,A0,0.3293203879272898,0.08717997046805638,0.563249699807394,65,100,4
mule_Starting,A,0.340747525788185,0.07670447856874796,0.5405808920997487,65,100,4
mule_Starting,EB7,0.36366258415817176,0.04113805725803515,0.5519720147853777,65,100,4
mule_Starting,EB8_dur,0.3216617742545621,0.08807670972801987,0.5323436219299471,65,100,4
mule_Starting,EB8_ttk,0.33381830389381234,0.06472362134326416,0.5760560900585775,65,100,4
mule_Starting,EB8_aft,0.3510197933333515,0.11824195461741122,0.5467156818251261,65,100,4
mule_Starting,EB9_ttk_dur,0.32384994958962715,0.053646602342624014,0.539205511086988,65,100,4
mule_Starting,EB9_ttk_aft,0.3357633486360924,0.059904596174183616,0.5515109868824704,65,100,4
condor_Strike,A0,0.18466832366721633,-0.07358119839169262,0.4462152592485091,61,100,4
condor_Strike,A,0.12976964266397323,-0.10820680144900222,0.383852822473129,61,100,4
condor_Strike,EB7,0.14090996001563683,-0.11211043927067543,0.4144542675932659,61,100,4
condor_Strike,EB8_dur,0.11688969617631412,-0.1516037805968603,0.3758409012907603,61,100,4
condor_Strike,EB8_ttk,0.14489103438454964,-0.12420076237377325,0.3729147863728988,61,100,4
condor_Strike,EB8_aft,0.13037182198027936,-0.09350640592536683,0.3943783076516056,61,100,4
condor_Strike,EB9_ttk_dur,0.13525616532365137,-0.14709196262145804,0.35138794014946784,61,100,4
condor_Strike,EB9_ttk_aft,0.14412158303593622,-0.1473889759715491,0.4023421444860335,61,100,4
scintilla_Support,A0,0.04559394253585618,-0.25171899192912645,0.34437104633662224,48,100,4
scintilla_Support,A,-0.008087496949812584,-0.27594051063940317,0.31915346994890775,48,100,4
scintilla_Support,EB7,0.03576953348943956,-0.2376627265417501,0.34879633423662587,48,100,4
scintilla_Support,EB8_dur,0.0839688441702018,-0.248141827227299,0.36566310426311877,48,100,4
scintilla_Support,EB8_ttk,0.03017884767849528,-0.31482428930614287,0.3616789410307667,48,100,4
scintilla_Support,EB8_aft,0.05541835158227282,-0.2999093106663924,0.3535232888957722,48,100,4
scintilla_Support,EB9_ttk_dur,0.06654544470114247,-0.2858792834156217,0.3768147252852597,48,100,4
scintilla_Support,EB9_ttk_aft,0.0347382419320809,-0.2943307266440136,0.33130390092023293,48,100,4
medusa_Attack,A0,0.012864065730849805,-0.289989391927113,0.2748519516213823,44,100,4
medusa_Attack,A,0.03993514910950626,-0.2850557066877721,0.3368595111647942,44,100,4
medusa_Attack,EB7,0.16970671329544165,-0.0897802607870662,0.42819803583977467,44,100,4
medusa_Attack,EB8_dur,0.2270295556455471,-0.07042685028296881,0.4814288241910906,44,100,4
medusa_Attack,EB8_ttk,0.22250592813579773,-0.01693961443286267,0.42283589568390073,44,100,4
medusa_Attack,EB8_aft,0.18709440653604087,-0.07748910426638171,0.45387708260125087,44,100,4
medusa_Attack,EB9_ttk_dur,0.23657158242392473,-0.06280766536289646,0.49207425663823257,44,100,4
medusa_Attack,EB9_ttk_aft,0.22399024341243426,-0.04992402783824018,0.45255689199980326,44,100,4
gemini_Standard,A0,0.035580435377651834,-0.24314714366878656,0.30740138180883403,42,100,4
gemini_Standard,A,0.036732838142919916,-0.24650993485801295,0.2979682457585553,42,100,4
gemini_Standard,EB7,-0.02722551532945829,-0.35034457813478426,0.29015801498854904,42,100,4
gemini_Standard,EB8_dur,-0.04364725473452837,-0.35634682583075994,0.26647656214616555,42,100,4
gemini_Standard,EB8_ttk,-0.02319210565102002,-0.32452450587004955,0.2965145302114659,42,100,4
gemini_Standard,EB8_aft,-0.02232780357706897,-0.33441960794468,0.27146084639398893,42,100,4
gemini_Standard,EB9_ttk_dur,-0.04364725473452837,-0.315502735381019,0.29905866996159314,42,100,4
gemini_Standard,EB9_ttk_aft,-0.024920709798922136,-0.2982430508402675,0.26554262927881794,42,100,4
condor_Attack,A0,0.33950671642527347,0.1923810388446332,0.4633333790211091,182,200,0
condor_Attack,A,0.343543040943843,0.2087331682323617,0.46568296329069514,182,200,0
condor_Attack,EB7,0.3327874818810275,0.19099318395439466,0.4739501071890087,182,200,0
condor_Attack,EB8_dur,0.33905424942985846,0.17808120975785738,0.474273176824659,182,200,0
condor_Attack,EB8_ttk,0.37166077517653523,0.23694397116420465,0.4922698701296639,182,200,0
condor_Attack,EB8_aft,0.32526795879643305,0.18838945287016554,0.4613509644867891,182,200,0
condor_Attack,EB9_ttk_dur,0.36818056648052416,0.21063498792776905,0.506732435619898,182,200,0
condor_Attack,EB9_ttk_aft,0.3563596170694739,0.23032170311096214,0.47368965342137154,182,200,0
sunder_Support,A0,-0.027798809861574493,-0.19725268576460003,0.14086745280203083,162,200,0
sunder_Support,A,-0.04153356171651276,-0.20157774267807205,0.1024392773763802,162,200,0
sunder_Support,EB7,-0.0062681235312462705,-0.18514739154291462,0.11600034603580377,162,200,0
sunder_Support,EB8_dur,0.001787863870806433,-0.15265591495103067,0.15304048136104392,162,200,0
sunder_Support,EB8_ttk,0.01726666633173296,-0.13868505594860547,0.20189854476177535,162,200,0
sunder_Support,EB8_aft,-0.009199372280694918,-0.1954270546773671,0.1465424626278739,162,200,0
sunder_Support,EB9_ttk_dur,0.0254413735481317,-0.11143392558528452,0.20261586474155782,162,200,0
sunder_Support,EB9_ttk_aft,0.012433073890501337,-0.1330626704864144,0.16666721980398783,162,200,0
mule_Fighter_Support,A0,0.43344726887102547,0.2858913053296868,0.575043857486376,162,200,0
mule_Fighter_Support,A,0.4301105023446201,0.27255100124352927,0.5440809905776123,162,200,0
mule_Fighter_Support,EB7,0.424027145684235,0.2691568360862899,0.5406497740581698,162,200,0
mule_Fighter_Support,EB8_dur,0.4279638167853584,0.303658986678612,0.5765870635872234,162,200,0
mule_Fighter_Support,EB8_ttk,0.4360803635449236,0.30244456890835575,0.5624597948301957,162,200,0
mule_Fighter_Support,EB8_aft,0.4257620048597712,0.29215773683263546,0.5482922730577268,162,200,0
mule_Fighter_Support,EB9_ttk_dur,0.4337780270689782,0.2896535995315703,0.5543293521927939,162,200,0
mule_Fighter_Support,EB9_ttk_aft,0.4347865152999909,0.2978606542490565,0.5690280365969781,162,200,0
mule_Starting,A0,0.30082733060026273,0.10362233314795952,0.47485392096835927,124,200,0
mule_Starting,A,0.2891176715705959,0.08935384075381644,0.459710432585635,124,200,0
mule_Starting,EB7,0.3096009774723443,0.14061554789292402,0.4893611664078243,124,200,0
mule_Starting,EB8_dur,0.3056719655952827,0.11744440903225371,0.45719524807316664,124,200,0
mule_Starting,EB8_ttk,0.2865556463203457,0.09489522600936477,0.48362064502113783,124,200,0
mule_Starting,EB8_aft,0.31202974301998077,0.13839527591827658,0.49807406205543353,124,200,0
mule_Starting,EB9_ttk_dur,0.28216667353426284,0.05281697236685493,0.45155325938603974,124,200,0
mule_Starting,EB9_ttk_aft,0.28701560722936714,0.09879531011970627,0.46487009447908056,124,200,0
condor_Strike,A0,-0.002819015787969984,-0.1785219456755921,0.16785951827195886,125,200,0
condor_Strike,A,-0.010216039152791059,-0.2038008693587335,0.15653531475695545,125,200,0
condor_Strike,EB7,0.011701924321819572,-0.1595664731092976,0.20244045330430582,125,200,0
condor_Strike,EB8_dur,0.007808997757480071,-0.1560825889954529,0.1935744803998694,125,200,0
condor_Strike,EB8_ttk,0.023112226320745697,-0.1396522969537646,0.17669101105933815,125,200,0
condor_Strike,EB8_aft,0.01313689130748574,-0.17770206794387494,0.1742999103543238,125,200,0
condor_Strike,EB9_ttk_dur,0.018112986499715187,-0.12895799786702547,0.18736494066499476,125,200,0
condor_Strike,EB9_ttk_aft,0.02511655117491812,-0.13830544426006453,0.22709572321823004,125,200,0
scintilla_Support,A0,-0.015184496257287615,-0.22766439990825046,0.20138906217838923,97,200,0
scintilla_Support,A,-0.016578655290005233,-0.20310118112126133,0.18385396069774212,97,200,0
scintilla_Support,EB7,0.014184910535716497,-0.22177376695762244,0.2202831602319494,97,200,0
scintilla_Support,EB8_dur,0.013902132996061507,-0.2184697267737685,0.2318070772847922,97,200,0
scintilla_Support,EB8_ttk,-0.016249844197383154,-0.19816889729675818,0.15120475745734707,97,200,0
scintilla_Support,EB8_aft,0.012882818608933063,-0.2182275988689478,0.22185490684729153,97,200,0
scintilla_Support,EB9_ttk_dur,-0.013178748592292934,-0.22391020380463716,0.19722717885339563,97,200,0
scintilla_Support,EB9_ttk_aft,-0.01823586319682051,-0.27655978596407194,0.2180058212367469,97,200,0
medusa_Attack,A0,-0.07265091144023698,-0.2931249090073751,0.1648992958413833,95,200,0
medusa_Attack,A,-0.06448820285756944,-0.2370868774353418,0.15321545909848097,95,200,0
medusa_Attack,EB7,-0.07277713889254626,-0.25338751108612884,0.08690859957913476,95,200,0
medusa_Attack,EB8_dur,-0.05493699229949966,-0.2277155259519323,0.13715999380978633,95,200,0
medusa_Attack,EB8_ttk,-0.043394193049438846,-0.23067545432026298,0.14557825440790634,95,200,0
medusa_Attack,EB8_aft,-0.07007026130413589,-0.28943775607275424,0.16620084360732382,95,200,0
medusa_Attack,EB9_ttk_dur,-0.031234281810310377,-0.21433493764774553,0.1419059120113982,95,200,0
medusa_Attack,EB9_ttk_aft,-0.05353446505161864,-0.29388480010217005,0.1450914582091632,95,200,0
gemini_Standard,A0,0.00018777019668939903,-0.2359912365021628,0.23482067854584915,96,200,0
gemini_Standard,A,0.004157768640979551,-0.22401261320796365,0.19892197426442318,96,200,0
gemini_Standard,EB7,-0.06510260962359593,-0.30173658833945016,0.12864530097761523,96,200,0
gemini_Standard,EB8_dur,-0.06555862295841304,-0.302085340663861,0.14576420867536607,96,200,0
gemini_Standard,EB8_ttk,-0.03178681186813398,-0.236554817529041,0.20345680403356767,96,200,0
gemini_Standard,EB8_aft,-0.06622923080373232,-0.2970388504338131,0.168099332586101,96,200,0
gemini_Standard,EB9_ttk_dur,-0.03339627069690026,-0.24545290152005958,0.17443575932913336,96,200,0
gemini_Standard,EB9_ttk_aft,-0.026475597733205264,-0.29214754244719704,0.19935569569543357,96,200,0
condor_Attack,A0,0.23326443276811612,0.0866603747744725,0.376113867875632,188,200,1
condor_Attack,A,0.21740913868062914,0.05760553317878628,0.3593936677048132,188,200,1
condor_Attack,EB7,0.284499667582149,0.12478875417898236,0.4229736570053967,188,200,1
condor_Attack,EB8_dur,0.29145660079753044,0.14908914459996256,0.43190033870079153,188,200,1
condor_Attack,EB8_ttk,0.28298524544917786,0.13455995379556437,0.44125738890373606,188,200,1
condor_Attack,EB8_aft,0.27806563519882094,0.15672877862339013,0.412981076009379,188,200,1
condor_Attack,EB9_ttk_dur,0.2907364813125573,0.13825736389735083,0.44172350085257533,188,200,1
condor_Attack,EB9_ttk_aft,0.2680798577174971,0.12415231266551272,0.44255686758014556,188,200,1
sunder_Support,A0,-0.03218529075506005,-0.17798944392310417,0.13162051311118309,172,200,1
sunder_Support,A,-0.02036756790060509,-0.18277413793904448,0.15181335204729116,172,200,1
sunder_Support,EB7,-0.05271223853432163,-0.20581736255222408,0.10058238330050467,172,200,1
sunder_Support,EB8_dur,-0.048727741567909495,-0.19808399752995676,0.13438757360813977,172,200,1
sunder_Support,EB8_ttk,-0.05956439272485675,-0.22817553437399118,0.07367297758878408,172,200,1
sunder_Support,EB8_aft,-0.05717487513670323,-0.21145696176938078,0.10318849433807557,172,200,1
sunder_Support,EB9_ttk_dur,-0.05385741247726082,-0.19029424684307777,0.07412608390602055,172,200,1
sunder_Support,EB9_ttk_aft,-0.06473774552687689,-0.22710364341511513,0.09052661000433254,172,200,1
mule_Fighter_Support,A0,0.388883070369558,0.24208499869601083,0.5173009572515864,167,200,1
mule_Fighter_Support,A,0.37740478592379867,0.21484102893095486,0.507360170757874,167,200,1
mule_Fighter_Support,EB7,0.31740699371835673,0.15185584267094843,0.46129198140767713,167,200,1
mule_Fighter_Support,EB8_dur,0.31941003731151946,0.15832444407945306,0.48750754403583113,167,200,1
mule_Fighter_Support,EB8_ttk,0.31546729939545964,0.14242348738267693,0.46744168749345344,167,200,1
mule_Fighter_Support,EB8_aft,0.3059181510608865,0.1699325376873448,0.43285170184463956,167,200,1
mule_Fighter_Support,EB9_ttk_dur,0.3262743832395944,0.19540642299316893,0.47904229400944404,167,200,1
mule_Fighter_Support,EB9_ttk_aft,0.31285037120710324,0.14060398262774257,0.44468908194063383,167,200,1
mule_Starting,A0,0.46724718035444146,0.2941172733730807,0.5966238367691912,131,200,1
mule_Starting,A,0.44437539165195905,0.27955232893950643,0.5994765660533763,131,200,1
mule_Starting,EB7,0.47040660363331216,0.30400473862340655,0.5831320136626041,131,200,1
mule_Starting,EB8_dur,0.4706501872874654,0.3225445334523776,0.6030886900875629,131,200,1
mule_Starting,EB8_ttk,0.44006969235354326,0.273800449965271,0.596113351638693,131,200,1
mule_Starting,EB8_aft,0.46681016262199,0.305860834948019,0.6030802987778942,131,200,1
mule_Starting,EB9_ttk_dur,0.4360863831856247,0.2783681126290691,0.6050230142054818,131,200,1
mule_Starting,EB9_ttk_aft,0.4371251958283373,0.25942541707906375,0.5727975111649053,131,200,1
condor_Strike,A0,0.01820145085401071,-0.15153779945789114,0.19338465968975113,124,200,1
condor_Strike,A,0.03430343646407836,-0.16593734836669957,0.25587155008969087,124,200,1
condor_Strike,EB7,0.04187976756178592,-0.1191611427131887,0.22890786349645273,124,200,1
condor_Strike,EB8_dur,0.04081177872030184,-0.12931786504987353,0.22407049539945081,124,200,1
condor_Strike,EB8_ttk,-0.007722380853807953,-0.17535416737943815,0.18354668315252967,124,200,1
condor_Strike,EB8_aft,0.041113006342258895,-0.13875528356446176,0.20379839699072225,124,200,1
condor_Strike,EB9_ttk_dur,-0.011474033963636639,-0.16474569440466377,0.14552836819046475,124,200,1
condor_Strike,EB9_ttk_aft,0.004071136951298283,-0.16101822400388768,0.19163192010416816,124,200,1
scintilla_Support,A0,-0.040091492310683,-0.23333850301921938,0.1650798512537414,102,200,1
scintilla_Support,A,-0.05819769236411135,-0.26214989627147733,0.11376333930829094,102,200,1
scintilla_Support,EB7,0.03735464008524286,-0.1538109163439333,0.22395114682701017,102,200,1
scintilla_Support,EB8_dur,0.03477611815383645,-0.17127695084983272,0.21554964240153562,102,200,1
scintilla_Support,EB8_ttk,0.05412068729274288,-0.10959234104194147,0.2641668898180694,102,200,1
scintilla_Support,EB8_aft,0.05009457410159954,-0.16478512172492396,0.2414600330597044,102,200,1
scintilla_Support,EB9_ttk_dur,0.0524412552453137,-0.134587760373272,0.22957643990045973,102,200,1
scintilla_Support,EB9_ttk_aft,0.05877446700666278,-0.11994748476213907,0.2716227310172698,102,200,1
medusa_Attack,A0,0.028677964806699416,-0.12890919572666928,0.20667214580107834,103,200,1
medusa_Attack,A,0.055350785704517055,-0.11793101343937165,0.2465721790430248,103,200,1
medusa_Attack,EB7,0.025846525330970743,-0.17535446197071103,0.2310572158934637,103,200,1
medusa_Attack,EB8_dur,0.025626179846478237,-0.15823265123132269,0.22866011153335897,103,200,1
medusa_Attack,EB8_ttk,0.07025715773043496,-0.09113291382996533,0.2688524443002261,103,200,1
medusa_Attack,EB8_aft,0.035960383069176684,-0.14699742547275668,0.20390583954126984,103,200,1
medusa_Attack,EB9_ttk_dur,0.07724210958884734,-0.14794279913836497,0.2485230178887174,103,200,1
medusa_Attack,EB9_ttk_aft,0.06875880843588593,-0.09394594226927085,0.25171800781821485,103,200,1
gemini_Standard,A0,0.010458025344423657,-0.24885183134239341,0.236991596621359,94,200,1
gemini_Standard,A,0.00041039612312352645,-0.28920817538931415,0.2378465593421327,94,200,1
gemini_Standard,EB7,-0.014307257947513285,-0.23909614665793386,0.18784127351944507,94,200,1
gemini_Standard,EB8_dur,-0.015722416992766827,-0.24071047272556317,0.22138954687642717,94,200,1
gemini_Standard,EB8_ttk,-0.012580763912303968,-0.26611380290516606,0.22828321716966682,94,200,1
gemini_Standard,EB8_aft,-0.028289029314618255,-0.242150514361657,0.21605642521994156,94,200,1
gemini_Standard,EB9_ttk_dur,-0.010288206258993234,-0.19042916402990764,0.22248414927326748,94,200,1
gemini_Standard,EB9_ttk_aft,-0.030213645616163073,-0.24308248587527537,0.2187906480575337,94,200,1
condor_Attack,A0,0.34309161300644847,0.20867649792304177,0.46254902521080893,188,200,2
condor_Attack,A,0.3285401974353236,0.18197754443995537,0.4849551679633603,188,200,2
condor_Attack,EB7,0.26774350984056255,0.0793791211812967,0.4036866706483158,188,200,2
condor_Attack,EB8_dur,0.25661116053549576,0.09671322650570564,0.3857772430925963,188,200,2
condor_Attack,EB8_ttk,0.2749313401942735,0.16810209327600747,0.3888414616216262,188,200,2
condor_Attack,EB8_aft,0.2359789890614079,0.07036370396953034,0.3706951447528802,188,200,2
condor_Attack,EB9_ttk_dur,0.2623150400296934,0.11467946850905733,0.40752933327760393,188,200,2
condor_Attack,EB9_ttk_aft,0.23550608164463993,0.09779476126085176,0.37759123534809397,188,200,2
sunder_Support,A0,-0.0415543142600802,-0.21149993086687116,0.1138918442086254,166,200,2
sunder_Support,A,-0.05645870877720365,-0.1822771525710919,0.08757060872470632,166,200,2
sunder_Support,EB7,0.014382517235125035,-0.1459005094380452,0.14460639736797332,166,200,2
sunder_Support,EB8_dur,0.02716785336791236,-0.12811148426978053,0.18993093467787053,166,200,2
sunder_Support,EB8_ttk,0.0019889177019234237,-0.16996620439995766,0.16438387073863342,166,200,2
sunder_Support,EB8_aft,0.011048812481603684,-0.13239016092368175,0.14458690771483637,166,200,2
sunder_Support,EB9_ttk_dur,0.016496317410070748,-0.1346092987825242,0.17083972630723862,166,200,2
sunder_Support,EB9_ttk_aft,-0.00026422502186821426,-0.1519681267251569,0.1580201193040698,166,200,2
mule_Fighter_Support,A0,0.508789261664677,0.38038154950746655,0.6309999299846712,164,200,2
mule_Fighter_Support,A,0.47383932649543997,0.35084859265831786,0.6047047566283458,164,200,2
mule_Fighter_Support,EB7,0.4504904595788949,0.31304160633651085,0.5578365600865138,164,200,2
mule_Fighter_Support,EB8_dur,0.46599081046011515,0.3337117060878394,0.5788438218472021,164,200,2
mule_Fighter_Support,EB8_ttk,0.4461369370604937,0.27290521309744536,0.5857121575421171,164,200,2
mule_Fighter_Support,EB8_aft,0.440604888367337,0.29993479109209953,0.5652679719867982,164,200,2
mule_Fighter_Support,EB9_ttk_dur,0.46382263449092936,0.31184516407501345,0.5916503303217102,164,200,2
mule_Fighter_Support,EB9_ttk_aft,0.4397963101441274,0.31359084734196874,0.5559786994689657,164,200,2
mule_Starting,A0,0.2619771506010217,0.13380866705311784,0.41121640740714127,130,200,2
mule_Starting,A,0.22784427761874854,0.05015792435913683,0.3877549933039634,130,200,2
mule_Starting,EB7,0.28254173881616373,0.10529205578460174,0.44956395634358964,130,200,2
mule_Starting,EB8_dur,0.26289595836043095,0.09544222938588427,0.4260241871574169,130,200,2
mule_Starting,EB8_ttk,0.29089453662897535,0.13060447947149256,0.45183240420458465,130,200,2
mule_Starting,EB8_aft,0.28646755378818517,0.10018018260285903,0.45909991585033383,130,200,2
mule_Starting,EB9_ttk_dur,0.2653850921086488,0.09122671885200356,0.4263140744509471,130,200,2
mule_Starting,EB9_ttk_aft,0.2924114047117819,0.10871757982647183,0.4705075261761966,130,200,2
condor_Strike,A0,0.09143292030809985,-0.07462999353892939,0.25593351739005077,126,200,2
condor_Strike,A,0.08344137998061842,-0.09136755615978318,0.21784333194433242,126,200,2
condor_Strike,EB7,0.06369490011960392,-0.1030553794742892,0.2559250793311334,126,200,2
condor_Strike,EB8_dur,0.03934646498783369,-0.13963261084273584,0.20705178263465118,126,200,2
condor_Strike,EB8_ttk,0.06545788847250596,-0.135480991681672,0.24863523264669635,126,200,2
condor_Strike,EB8_aft,0.07616210715387962,-0.14251462091595993,0.2424276439736361,126,200,2
condor_Strike,EB9_ttk_dur,0.030506265510531212,-0.15182292232531805,0.22231837080064018,126,200,2
condor_Strike,EB9_ttk_aft,0.072156233905022,-0.12554769263835494,0.23081170086640349,126,200,2
scintilla_Support,A0,-0.005803966755550166,-0.20069772719816698,0.20537216527379812,104,200,2
scintilla_Support,A,-0.02735546095814453,-0.21931226974663992,0.13188520238125265,104,200,2
scintilla_Support,EB7,0.04367911745812937,-0.18196887170997392,0.26144022944015927,104,200,2
scintilla_Support,EB8_dur,0.05212901023459211,-0.1539714968487982,0.2746362930514379,104,200,2
scintilla_Support,EB8_ttk,0.04607965517871538,-0.16970354925668213,0.23017520742683953,104,200,2
scintilla_Support,EB8_aft,0.04458598726368408,-0.1647369628773819,0.22894283700863235,104,200,2
scintilla_Support,EB9_ttk_dur,0.06988232031039263,-0.11715291505593464,0.2274577969178452,104,200,2
scintilla_Support,EB9_ttk_aft,0.040126321631662076,-0.16126698828900918,0.26609700395794145,104,200,2
medusa_Attack,A0,0.03951827823876084,-0.1543502800610209,0.27236433434192525,95,200,2
medusa_Attack,A,0.027475145961888294,-0.15020169529046615,0.25364179804422643,95,200,2
medusa_Attack,EB7,0.1812351371247494,0.0004645408281183243,0.33803212575035535,95,200,2
medusa_Attack,EB8_dur,0.1856322807700261,-0.009009601638147466,0.35718850959306697,95,200,2
medusa_Attack,EB8_ttk,0.1440414634882686,-0.0746770759469774,0.35312118340688764,95,200,2
medusa_Attack,EB8_aft,0.18073100600618267,-0.01892390686679327,0.37580994509243626,95,200,2
medusa_Attack,EB9_ttk_dur,0.14574990783452263,-0.045721489879030845,0.3142562192596306,95,200,2
medusa_Attack,EB9_ttk_aft,0.14136676783142832,-0.01418311115526106,0.31412899551375767,95,200,2
gemini_Standard,A0,-0.026319401245484077,-0.2287234905318626,0.2194620087489404,96,200,2
gemini_Standard,A,-0.026615893633864747,-0.2557674086518848,0.19757513505236957,96,200,2
gemini_Standard,EB7,0.002143868039060228,-0.22608674552323735,0.23619318453679966,96,200,2
gemini_Standard,EB8_dur,0.023331670254878863,-0.17428380183024889,0.23197836152163223,96,200,2
gemini_Standard,EB8_ttk,-0.0014368477283063232,-0.22662314007605594,0.2221660882465946,96,200,2
gemini_Standard,EB8_aft,-0.0010263198059330878,-0.23813011334124515,0.24518581924342442,96,200,2
gemini_Standard,EB9_ttk_dur,0.028235198216559176,-0.18246103530052663,0.22305484544685578,96,200,2
gemini_Standard,EB9_ttk_aft,-0.0026912386022245414,-0.23838622761138265,0.21000004263711372,96,200,2
condor_Attack,A0,0.37875277210564345,0.22250393282673403,0.4908331034811347,184,200,3
condor_Attack,A,0.327597798307933,0.20622719746576795,0.45893471780741557,184,200,3
condor_Attack,EB7,0.33788838435474017,0.19677544378470738,0.45973047439349424,184,200,3
condor_Attack,EB8_dur,0.38008827263739275,0.26114238922148,0.503942122036184,184,200,3
condor_Attack,EB8_ttk,0.34950772111111444,0.2022905831020624,0.4694044752088053,184,200,3
condor_Attack,EB8_aft,0.3504748742037819,0.20581310013968565,0.4736121050614997,184,200,3
condor_Attack,EB9_ttk_dur,0.3985220370167792,0.2611901131211017,0.540018882636306,184,200,3
condor_Attack,EB9_ttk_aft,0.35913875310469673,0.22045761326053204,0.46566311873023974,184,200,3
sunder_Support,A0,-0.08322532893696191,-0.2194143598073007,0.05273703915549541,167,200,3
sunder_Support,A,-0.09630693238577641,-0.2433372874871178,0.05183053938789143,167,200,3
sunder_Support,EB7,-0.03707895631712813,-0.19336813730405186,0.10658607453864925,167,200,3
sunder_Support,EB8_dur,0.023202259851592417,-0.1795453296922282,0.1762884682553903,167,200,3
sunder_Support,EB8_ttk,-0.03426515310860168,-0.20320330631883915,0.11481013966708918,167,200,3
sunder_Support,EB8_aft,-0.019444929053417877,-0.15702484007995524,0.14076382705580304,167,200,3
sunder_Support,EB9_ttk_dur,0.032150928495956584,-0.10782632625082259,0.1860855174254679,167,200,3
sunder_Support,EB9_ttk_aft,-0.009076451450622934,-0.18135498760838825,0.12973307064309503,167,200,3
mule_Fighter_Support,A0,0.42322039667631584,0.27581358579467763,0.554846432468631,163,200,3
mule_Fighter_Support,A,0.39126711179979157,0.22886490689295233,0.5309414640527123,163,200,3
mule_Fighter_Support,EB7,0.42088706452966046,0.27488518905009945,0.5559798633438676,163,200,3
mule_Fighter_Support,EB8_dur,0.46802713717368477,0.3189213773295386,0.5776950706237534,163,200,3
mule_Fighter_Support,EB8_ttk,0.3917695270032121,0.21496558673622468,0.5213622746793453,163,200,3
mule_Fighter_Support,EB8_aft,0.4357405191333525,0.2911092815667093,0.5641218031166497,163,200,3
mule_Fighter_Support,EB9_ttk_dur,0.4475360042777632,0.29715046027072267,0.5554739222439061,163,200,3
mule_Fighter_Support,EB9_ttk_aft,0.40852475197626237,0.2528986538184226,0.5356537468053894,163,200,3
mule_Starting,A0,0.3450587303554477,0.1877275302967132,0.5114939010010188,127,200,3
mule_Starting,A,0.2780692239023454,0.09412805540338534,0.4559039285024594,127,200,3
mule_Starting,EB7,0.34420172174410735,0.1653902465766699,0.501438470501431,127,200,3
mule_Starting,EB8_dur,0.3254076732498019,0.148905123251785,0.503058855321709,127,200,3
mule_Starting,EB8_ttk,0.33233891833450174,0.14741109406853817,0.4910673470555477,127,200,3
mule_Starting,EB8_aft,0.3392100224640198,0.17780010574691527,0.5272788611048194,127,200,3
mule_Starting,EB9_ttk_dur,0.31481534751841134,0.12614675303251496,0.4852902060005704,127,200,3
mule_Starting,EB9_ttk_aft,0.32491902798894995,0.14038078895342987,0.4690582228425593,127,200,3
condor_Strike,A0,0.11204660735032031,-0.07763564542280117,0.31869472856220776,130,200,3
condor_Strike,A,0.07365198084861632,-0.12230264707546314,0.24087148082759824,130,200,3
condor_Strike,EB7,0.12036612748855052,-0.05965095250298079,0.31936495364149875,130,200,3
condor_Strike,EB8_dur,0.09097678611179164,-0.11917942856794664,0.28564779855112743,130,200,3
condor_Strike,EB8_ttk,0.10865884618840527,-0.06459359177635886,0.2648151479710338,130,200,3
condor_Strike,EB8_aft,0.11602158044696732,-0.0784046442754799,0.30443204561900766,130,200,3
condor_Strike,EB9_ttk_dur,0.090262276484915,-0.1231233736915665,0.2985092125083497,130,200,3
condor_Strike,EB9_ttk_aft,0.10548872301628595,-0.10510024610444459,0.2994480432619476,130,200,3
scintilla_Support,A0,0.033774414102410055,-0.15816813716645925,0.223419651820212,105,200,3
scintilla_Support,A,0.012400368155481942,-0.16792898241355936,0.21811444904135593,105,200,3
scintilla_Support,EB7,0.07184126333556386,-0.15311747762865285,0.2759879768276289,105,200,3
scintilla_Support,EB8_dur,0.08810378628863529,-0.09455167036193042,0.30082504806678956,105,200,3
scintilla_Support,EB8_ttk,0.04873572785521979,-0.17097900131484867,0.2149910870627944,105,200,3
scintilla_Support,EB8_aft,0.07425705412170708,-0.1329940872866778,0.25122323775980687,105,200,3
scintilla_Support,EB9_ttk_dur,0.05593125920965497,-0.15508902998757945,0.2293742684931174,105,200,3
scintilla_Support,EB9_ttk_aft,0.0537643052426853,-0.1836364992957711,0.21228237759561025,105,200,3
medusa_Attack,A0,0.06656895194170218,-0.12089549529632908,0.23186191230914582,95,200,3
medusa_Attack,A,0.07810091361745919,-0.09498524094268362,0.3075012355653507,95,200,3
medusa_Attack,EB7,0.06858001355101102,-0.14726246269068122,0.2771392880409383,95,200,3
medusa_Attack,EB8_dur,0.14516911511951425,-0.013144516347569263,0.32760719548311046,95,200,3
medusa_Attack,EB8_ttk,0.05180944733352294,-0.1479290420325479,0.27364501793426227,95,200,3
medusa_Attack,EB8_aft,0.09660830577025946,-0.10212121081413063,0.28016289997846183,95,200,3
medusa_Attack,EB9_ttk_dur,0.12829307364279668,-0.07126840434161409,0.324294991945844,95,200,3
medusa_Attack,EB9_ttk_aft,0.08270666660381337,-0.11443694073593375,0.27239425156940783,95,200,3
gemini_Standard,A0,0.028137496203616844,-0.18401779670714566,0.27038427783139934,99,200,3
gemini_Standard,A,-0.011557578872530146,-0.2492680905567538,0.23101209680269325,99,200,3
gemini_Standard,EB7,0.07295411642392151,-0.11211515343171101,0.2707698054378047,99,200,3
gemini_Standard,EB8_dur,0.10816008897661797,-0.1340042728841243,0.2607335461336963,99,200,3
gemini_Standard,EB8_ttk,0.07340054650912654,-0.10506439407725734,0.2717704974306599,99,200,3
gemini_Standard,EB8_aft,0.07377257158013073,-0.13556632914523378,0.2525421264731714,99,200,3
gemini_Standard,EB9_ttk_dur,0.10705641459930551,-0.1230261067375162,0.2928753513356337,99,200,3
gemini_Standard,EB9_ttk_aft,0.08291198749113364,-0.11541167853473033,0.25795565189223524,99,200,3
condor_Attack,A0,0.38883432981075244,0.2219226805017919,0.5169599165045897,179,200,4
condor_Attack,A,0.35337556061893266,0.2106407735955589,0.47614028413461884,179,200,4
condor_Attack,EB7,0.3752284964628188,0.24852259792155518,0.49232876075731546,179,200,4
condor_Attack,EB8_dur,0.32409688004799997,0.1689167313145023,0.44984365790941105,179,200,4
condor_Attack,EB8_ttk,0.38931520125964,0.24849559210709735,0.5072780351581443,179,200,4
condor_Attack,EB8_aft,0.32338866850236175,0.18911477478512587,0.47986977877514675,179,200,4
condor_Attack,EB9_ttk_dur,0.34678269781316173,0.19861041327238102,0.5022864662355125,179,200,4
condor_Attack,EB9_ttk_aft,0.3364319136846037,0.20255917947054403,0.45946575349168167,179,200,4
sunder_Support,A0,0.09269534806915809,-0.06322308404844791,0.2378246043958148,164,200,4
sunder_Support,A,0.10288542159516331,-0.08222577305591772,0.2529333668233821,164,200,4
sunder_Support,EB7,0.15393112538488202,-0.0022961348107468503,0.310847467018857,164,200,4
sunder_Support,EB8_dur,0.16366767117977793,0.022696752125172553,0.30736856586346745,164,200,4
sunder_Support,EB8_ttk,0.16361864115479313,0.005012048620900888,0.33595679578215953,164,200,4
sunder_Support,EB8_aft,0.15307582383792515,-0.01619753389924998,0.29342745210353155,164,200,4
sunder_Support,EB9_ttk_dur,0.180197599325344,0.019891875186703045,0.32195826028144503,164,200,4
sunder_Support,EB9_ttk_aft,0.16199520254974126,-0.01919379986952943,0.3128751903815919,164,200,4
mule_Fighter_Support,A0,0.4693595003352097,0.3007938776685918,0.6015556742543978,159,200,4
mule_Fighter_Support,A,0.439081818693296,0.2870999889460042,0.5741153352916101,159,200,4
mule_Fighter_Support,EB7,0.4007481689146713,0.2325885720369169,0.5381294039565615,159,200,4
mule_Fighter_Support,EB8_dur,0.4172268282771031,0.2525735410539351,0.569509187714124,159,200,4
mule_Fighter_Support,EB8_ttk,0.4114940082670489,0.2514325635304907,0.5588917745168405,159,200,4
mule_Fighter_Support,EB8_aft,0.3956396310003266,0.25951220867536173,0.5361754465926665,159,200,4
mule_Fighter_Support,EB9_ttk_dur,0.4324722746471907,0.2805051170966818,0.5655114436954629,159,200,4
mule_Fighter_Support,EB9_ttk_aft,0.4074890509973056,0.25370025738943563,0.5640698973378103,159,200,4
mule_Starting,A0,0.4113493677960563,0.25704180405713917,0.5604971364529591,120,200,4
mule_Starting,A,0.4056802393880664,0.25275171857192014,0.5444619040061632,120,200,4
mule_Starting,EB7,0.37543872243190496,0.20067382888457336,0.5351906050210721,120,200,4
mule_Starting,EB8_dur,0.3674575514431688,0.18182223892505142,0.5148836229333221,120,200,4
mule_Starting,EB8_ttk,0.37310818351051267,0.19478046648142033,0.5135414665662211,120,200,4
mule_Starting,EB8_aft,0.3730989353401898,0.19549999435186868,0.5145678032973708,120,200,4
mule_Starting,EB9_ttk_dur,0.3665882234328082,0.17361327092918746,0.5224539158152196,120,200,4
mule_Starting,EB9_ttk_aft,0.37310818351051267,0.17640358267216666,0.516114427262783,120,200,4
condor_Strike,A0,0.06945323040490665,-0.10589516075240475,0.2319835639847085,120,200,4
condor_Strike,A,0.07239036054604775,-0.10066097451837062,0.28197285426737295,120,200,4
condor_Strike,EB7,0.003584475764234129,-0.19332529840310858,0.19319101715558418,120,200,4
condor_Strike,EB8_dur,0.00010164931271708723,-0.18322446941978945,0.18362876027556407,120,200,4
condor_Strike,EB8_ttk,-0.00815334487267584,-0.20581568663018548,0.18339057710438716,120,200,4
condor_Strike,EB8_aft,0.018216626831667478,-0.17847945605360224,0.2030365412997742,120,200,4
condor_Strike,EB9_ttk_dur,-0.026969167652991406,-0.23437336767407768,0.17697244420568678,120,200,4
condor_Strike,EB9_ttk_aft,0.0003958973232139187,-0.20725519517973356,0.189032205437764,120,200,4
scintilla_Support,A0,-0.05799145353755215,-0.298628576755121,0.16527002604123076,92,200,4
scintilla_Support,A,-0.09962970250278727,-0.2835065308207885,0.1325402767265517,92,200,4
scintilla_Support,EB7,0.06800220412164255,-0.16217040402931196,0.3138836928009933,92,200,4
scintilla_Support,EB8_dur,0.08192015297065507,-0.12637380404512402,0.288316552568419,92,200,4
scintilla_Support,EB8_ttk,0.08331503045773771,-0.14338217699864003,0.2704265706240872,92,200,4
scintilla_Support,EB8_aft,0.05767548681395884,-0.1924475678859348,0.2770447418598917,92,200,4
scintilla_Support,EB9_ttk_dur,0.09398083400537521,-0.11474448059312013,0.3262662810598648,92,200,4
scintilla_Support,EB9_ttk_aft,0.07870654019654752,-0.13277826948170612,0.3157234911406946,92,200,4
medusa_Attack,A0,-0.06830953986232625,-0.2643003762050083,0.12386982868646394,92,200,4
medusa_Attack,A,-0.06061399617915953,-0.31100483669155593,0.15585515298107827,92,200,4
medusa_Attack,EB7,-0.11207214972322616,-0.3248314092355095,0.08721671909555227,92,200,4
medusa_Attack,EB8_dur,-0.10652455899580274,-0.2656268146141583,0.11430259162178726,92,200,4
medusa_Attack,EB8_ttk,-0.12469716817532898,-0.32246461693183137,0.056091822331374254,92,200,4
medusa_Attack,EB8_aft,-0.11000918771177484,-0.28695354288957614,0.07197234382732855,92,200,4
medusa_Attack,EB9_ttk_dur,-0.11904140715517031,-0.2995655712977073,0.029397688656711284,92,200,4
medusa_Attack,EB9_ttk_aft,-0.1230282550874133,-0.2969873652664374,0.06073986268443115,92,200,4
gemini_Standard,A0,0.004912329515578315,-0.20200903513823326,0.18060527053903205,96,200,4
gemini_Standard,A,0.018728256278142327,-0.14574225675984584,0.173893056764149,96,200,4
gemini_Standard,EB7,0.009402505713411618,-0.16643501713686687,0.21469907290450047,96,200,4
gemini_Standard,EB8_dur,0.01793511974177291,-0.21648463661289088,0.20152711735031276,96,200,4
gemini_Standard,EB8_ttk,-0.008660539276162811,-0.19351348107089367,0.14890630595193666,96,200,4
gemini_Standard,EB8_aft,0.008519821503581139,-0.17325039758021896,0.1885132554147759,96,200,4
gemini_Standard,EB9_ttk_dur,-0.012344786412846545,-0.15288730993594274,0.1917852238859829,96,200,4
gemini_Standard,EB9_ttk_aft,-0.007317324174246865,-0.1994771942373631,0.16673536510533415,96,200,4
